Train Number,Train Name,Arrival Delays,Departure Delays
12723,TELANGANA  EXP,$ $11 min$20 min$19 min$21 min$17 min$28 min$6 min$10 min$11 min$31 min$27 min$37 min$43 min$50 min$30 min$27 min$20 min,$2 min$13 min$20 min$20 min$22 min$18 min$31 min$14 min$12 min$34 min$31 min$29 min$44 min$46 min$52 min$32 min$27 min$ 
20806,A P EXP,,
12724,TELANGANA EXP,$ $12 min$20 min$10 min$36 min$57 min$54 min$51 min$13 min$39 min$37 min$39 min$45 min$1:02 hrs$1:02 hrs$6 min,$0$15 min$24 min$11 min$38 min$58 min$53 min$51 min$27 min$38 min$37 min$39 min$47 min$1:04 hrs$1:03 hrs$ 
12707,A P SMPRK KRNTI,$ $7 min$10 min$8 min$13 min$1 min$0$9 min$28 min$20 min$32 min$53 min$54 min$58 min$1:05 hrs$43 min$20 min$56 min$50 min$1:09 hrs,$0$25 min$13 min$8 min$13 min$5 min$8 min$10 min$28 min$39 min$40 min$53 min$54 min$59 min$1:06 hrs$51 min$48 min$56 min$51 min$ 
15909,ABADH ASSAM EXP,$ $1:31 hrs$1:39 hrs$1:20 hrs$1:32 hrs$1:38 hrs$1:34 hrs$1:40 hrs$1:33 hrs$1:37 hrs$1:36 hrs$1:43 hrs$1:09 hrs$2:36 hrs$2:37 hrs$2:31 hrs$2:18 hrs$2:16 hrs$2:18 hrs$3:22 hrs$12 min$2:20 hrs$2:28 hrs$2:13 hrs$2:07 hrs$2:45 hrs$2:16 hrs$2:15 hrs$2:13 hrs$1:28 hrs$1:32 hrs$1:34 hrs$1:37 hrs$1:39 hrs$1:47 hrs$1:22 hrs$1:37 hrs$1:29 hrs$1:24 hrs$1:49 hrs$1:28 hrs$1:24 hrs$1:36 hrs$1:19 hrs$1:22 hrs$1:25 hrs$1:20 hrs$1:26 hrs$1:32 hrs$1:30 hrs$1:28 hrs$0$1:17 hrs$1:18 hrs$1:11 hrs$1:16 hrs$1:55 hrs$1:53 hrs$1:18 hrs$1:07 hrs$19 min$1:45 hrs$1:43 hrs$1:31 hrs$1:34 hrs$1:52 hrs$2:16 hrs$1:57 hrs$2:01 hrs$2:07 hrs$2:14 hrs$1:37 hrs$1:45 hrs$1:46 hrs$1:50 hrs$1:49 hrs$1:55 hrs$1:58 hrs$2:01 hrs$2:08 hrs$1:23 hrs$1:03 hrs$1:19 hrs$1:04 hrs$1:22 hrs$1:22 hrs$1:41 hrs$1:49 hrs$1:17 hrs,$1:26 hrs$1:37 hrs$1:39 hrs$1:31 hrs$1:32 hrs$1:41 hrs$1:34 hrs$1:40 hrs$1:33 hrs$1:37 hrs$1:36 hrs$1:43 hrs$2:39 hrs$2:35 hrs$2:32 hrs$2:30 hrs$2:16 hrs$2:16 hrs$2:18 hrs$3:23 hrs$2:12 hrs$2:22 hrs$2:28 hrs$1:42 hrs$2:07 hrs$2:46 hrs$2:16 hrs$2:12 hrs$2:13 hrs$1:27 hrs$1:32 hrs$1:34 hrs$1:40 hrs$1:41 hrs$1:47 hrs$1:25 hrs$1:36 hrs$1:27 hrs$1:24 hrs$1:27 hrs$1:28 hrs$1:28 hrs$1:40 hrs$1:20 hrs$1:23 hrs$1:25 hrs$1:21 hrs$1:26 hrs$1:35 hrs$1:34 hrs$1:27 hrs$0$1:20 hrs$1:17 hrs$1:13 hrs$1:15 hrs$1:56 hrs$1:57 hrs$1:34 hrs$1:15 hrs$20 min$1:45 hrs$1:43 hrs$1:33 hrs$1:34 hrs$1 min$2:26 hrs$1:57 hrs$2:03 hrs$2:09 hrs$2:14 hrs$2:09 hrs$1:43 hrs$1:46 hrs$1:50 hrs$1:51 hrs$1:55 hrs$1:58 hrs$2:01 hrs$2:08 hrs$1:18 hrs$1:23 hrs$1:20 hrs$1:13 hrs$1:25 hrs$1:28 hrs$1:46 hrs$1:49 hrs$ 
18242,ABKP DURG PAS EX,$ $13 min$13 min$17 min$24 min$31 min$34 min$38 min$37 min$39 min$40 min$32 min$42 min$45 min$42 min$42 min$19 min$29 min$30 min$23 min$24 min$0$26 min$24 min$21 min$20 min$19 min$18 min$0,$11 min$13 min$12 min$22 min$30 min$32 min$34 min$37 min$37 min$41 min$40 min$36 min$42 min$44 min$42 min$42 min$33 min$30 min$28 min$27 min$24 min$0$26 min$24 min$21 min$20 min$19 min$19 min$ 
11266,ABKP MML EXPRESS,$ $2 min$7 min$15 min$22 min$22 min$26 min$30 min$24 min$31 min$29 min$11 min$25 min$10 min$12 min,$0$2 min$12 min$14 min$23 min$22 min$25 min$31 min$30 min$34 min$31 min$24 min$25 min$7 min$ 
58702,ABKP SDL PASS,$ $25 min$22 min$26 min$28 min$36 min$43 min$44 min$46 min$50 min$55 min$44 min$49 min$46 min$46 min$42 min$33 min$35 min$39 min$48 min$2 min,$23 min$24 min$22 min$25 min$36 min$38 min$43 min$45 min$49 min$54 min$57 min$43 min$49 min$47 min$45 min$36 min$32 min$38 min$41 min$27 min$ 
54703,ABS JU PASSENGR,,
14804,ADI BGKT EXPRESS,,
19420,ADI CHENNAI EXP,$ $0$0$2 min$0$5 min$3 min$2 min$0$9 min$28 min$0$0$12 min$18 min$7 min$17 min$22 min$59 min$53 min$20 min$23 min$14 min$0$6 min$10 min$0,$0$0$2 min$2 min$3 min$5 min$3 min$0$2 min$21 min$34 min$2 min$2 min$15 min$31 min$9 min$38 min$25 min$59 min$52 min$24 min$23 min$14 min$1 min$3 min$10 min$ 
12931,ADI DOUBLE DECKR,$ $6 min$5 min$1 min$7 min$0$4 min$9 min$12 min$10 min$2 min,$1 min$6 min$5 min$3 min$5 min$0$5 min$8 min$15 min$10 min$ 
12267,RJT DURONTO EXP,$ $0$9 min$0,$0$2 min$4 min$ 
12298,ADI DURONTO EXP,$ $6 min$0$0,$1 min$7 min$3 min$ 
19223,ADI JAT EXPRESS,$ $5 min$18 min$26 min$26 min$0$2 min$25 min$0$0$7 min$8 min$21 min$31 min$31 min$32 min$31 min$34 min$28 min$0$7 min$10 min$21 min$21 min$18 min$35 min$22 min$0$10 min$9 min$16 min$10 min$13 min$12 min$15 min$16 min$17 min$6 min$16 min$19 min$24 min$24 min$22 min$11 min$11 min$12 min$19 min$29 min$29 min$30 min$29 min$20 min$27 min$24 min$19 min$0,$1 min$6 min$20 min$27 min$25 min$1 min$7 min$25 min$1 min$4 min$8 min$13 min$21 min$32 min$31 min$32 min$31 min$39 min$29 min$3 min$7 min$10 min$15 min$25 min$24 min$36 min$24 min$5 min$13 min$10 min$17 min$12 min$13 min$20 min$16 min$16 min$16 min$9 min$16 min$24 min$24 min$24 min$17 min$6 min$13 min$16 min$27 min$32 min$29 min$29 min$28 min$20 min$27 min$25 min$23 min$ 
19401,ADI LUCKNOW EXP,$ $25 min$3 min$0$18 min$17 min$17 min$7 min$9 min$2 min$8 min$0$14 min$0$28 min$8 min$0$0$0$0$20 min$7 min$7 min$0$24 min$15 min,$7 min$32 min$5 min$0$18 min$17 min$17 min$9 min$9 min$2 min$9 min$7 min$13 min$0$28 min$20 min$0$0$2 min$15 min$20 min$17 min$7 min$9 min$24 min$ 
19421,ADI PNBE EXPRESS,,
12844,ADI PURI EXP,$ $0$0$2 min$5 min$0$26 min$4 min$1 min$14 min$24 min$26 min$29 min$18 min$21 min$0$7 min$1 min$4 min$12 min$0$2 min$26 min$23 min$20 min$16 min$17 min$17 min$9 min$18 min$28 min$34 min$27 min$23 min$7 min$19 min$20 min$13 min$13 min$14 min$0$0$3 min,$3 min$1 min$0$1 min$5 min$0$25 min$6 min$7 min$18 min$24 min$27 min$29 min$17 min$22 min$5 min$7 min$2 min$6 min$12 min$3 min$4 min$26 min$23 min$20 min$17 min$18 min$18 min$9 min$18 min$31 min$34 min$33 min$22 min$21 min$19 min$19 min$12 min$13 min$14 min$0$0$ 
18406,ADI PURI EXP,,
12958,ADI SJ RAJDHANI,,
19119,ADI SMNH EXPRES,,
19415,ADI SVDK EXPRESS,,
19407,ADI VARANASI EXP,,
16501,ADI YPR EXPRESS,,
12547,AGC ADI SF EXP,,
12195,AF AII INTERCITY,,
15055,AF RMR EXPRESS,,
12954,AG KRANTI RJDHN,,
13168,AGC KOAA EXP,,
12320,AGC KOAA EXP,,
12342,AGNIBINA EXPRES,,
12341,AGNIBINA EXPRES,,
12548,ADI AGC SF EXP,,
22646,AHILYANAGARI EX,,
22645,AHILYANAGARI EX,$ $5 min$2 min$0$0$15 min$26 min$28 min$34 min$13 min$34 min$22 min$1:28 hrs$35 min$46 min$41 min$56 min$55 min$58 min$35 min$32 min$31 min$50 min$9 min$7 min$13 min$0$11 min$10 min$35 min$32 min$28 min$24 min$28 min$30 min$31 min$35 min$34 min$47 min,$2 min$4 min$7 min$0$1 min$16 min$26 min$29 min$34 min$18 min$34 min$1:51 hrs$1:27 hrs$10 min$45 min$40 min$55 min$58 min$58 min$35 min$31 min$31 min$50 min$9 min$5 min$11 min$1 min$10 min$27 min$35 min$34 min$27 min$24 min$29 min$30 min$31 min$35 min$34 min$ 
11096,AHIMSA EXPRESS,$ $32 min$29 min$4 min$2 min$0$0$0$0$8 min$14 min$14 min$0,$0$32 min$30 min$4 min$2 min$5 min$2 min$0$0$8 min$15 min$14 min$ 
11095,AHIMSA EXPRESS,$ $0$0$0$0$2 min$7 min$11 min$14 min$0$0$17 min$10 min$0$0,$1 min$0$0$0$0$2 min$7 min$11 min$13 min$1 min$0$17 min$16 min$1 min$ 
16502,AHMADABAD EXP,$ $44 min$1 min$13 min$26 min$17 min$22 min$17 min$0$7 min$1:08 hrs$1:15 hrs$1:22 hrs$1:07 hrs$56 min$15 min$0$0$0$0$2 min$0$7 min$0,$0$44 min$11 min$14 min$30 min$31 min$21 min$26 min$7 min$5 min$1:13 hrs$1:51 hrs$1:22 hrs$1:08 hrs$58 min$39 min$12 min$1 min$10 min$1 min$2 min$0$8 min$ 
59439,AHMADABAD PASS,$ $6 min$3 min$14 min$4 min$7 min$3 min$4 min$4 min$3 min$3 min$0$0$1 min$4 min$1 min$7 min$12 min$9 min$13 min$19 min$18 min$11 min$18 min$4 min$2 min$9 min$7 min$0$3 min$4 min$0$1 min$3 min$5 min$0$3 min$2 min$0$1 min$0$0$7 min$14 min$12 min$17 min$9 min$19 min$20 min$21 min$22 min$26 min$25 min$22 min$22 min$17 min$7 min$10 min$10 min$10 min$0$1 min$2 min,$0$21 min$3 min$13 min$5 min$9 min$3 min$4 min$4 min$4 min$22 min$2 min$2 min$4 min$6 min$6 min$12 min$12 min$12 min$17 min$20 min$28 min$17 min$23 min$4 min$6 min$9 min$16 min$3 min$5 min$18 min$1 min$1 min$5 min$5 min$4 min$2 min$1 min$0$1 min$0$5 min$19 min$14 min$12 min$17 min$14 min$19 min$21 min$21 min$24 min$26 min$27 min$23 min$23 min$19 min$9 min$10 min$11 min$10 min$1 min$1 min$ 
59440,AHMADABAD PASS,$ $22 min$22 min$24 min$23 min$22 min$27 min$23 min$24 min$9 min$12 min$11 min$19 min$17 min$11 min$21 min$30 min$33 min$20 min$19 min$18 min$24 min$25 min$29 min$27 min$19 min$6 min$10 min$15 min$23 min$23 min$22 min$27 min$24 min$25 min$26 min$28 min$28 min$22 min$20 min$20 min$18 min$17 min$24 min$26 min$31 min$24 min$21 min$22 min$27 min$21 min$28 min$39 min$42 min$23 min$30 min$27 min$10 min,$10 min$22 min$22 min$27 min$25 min$25 min$26 min$24 min$27 min$10 min$13 min$14 min$17 min$21 min$17 min$24 min$31 min$45 min$22 min$20 min$23 min$27 min$33 min$40 min$28 min$21 min$12 min$29 min$17 min$23 min$28 min$29 min$27 min$24 min$26 min$26 min$28 min$31 min$24 min$19 min$19 min$25 min$22 min$23 min$29 min$32 min$27 min$20 min$26 min$29 min$26 min$36 min$38 min$41 min$26 min$29 min$26 min$ 
11050,AHMEDABAD EXP,$ $0$0$13 min$18 min$0$3 min$19 min$26 min$0$0$0$1 min$16 min$15 min$10 min,$0$27 min$13 min$11 min$22 min$0$5 min$19 min$26 min$2 min$0$0$1 min$17 min$15 min$ 
59441,AHMEDABAD PASS,$ $6 min$8 min$5 min$3 min$18 min$17 min$18 min$27 min$14 min$13 min$10 min$10 min$14 min$12 min$12 min$13 min$13 min$12 min$9 min$13 min$14 min$14 min$11 min$12 min$11 min$11 min$14 min$17 min$7 min$22 min$22 min$23 min$23 min$24 min$22 min$18 min$16 min$13 min$9 min$10 min$10 min$12 min$11 min$11 min$13 min$13 min$15 min$13 min$6 min$3 min$14 min$12 min$10 min$11 min$15 min$14 min$13 min$11 min$11 min$9 min$11 min$10 min$6 min$4 min$6 min$0,$0$6 min$10 min$6 min$25 min$18 min$18 min$28 min$23 min$14 min$13 min$10 min$13 min$18 min$16 min$13 min$13 min$13 min$15 min$28 min$13 min$14 min$13 min$10 min$11 min$6 min$12 min$14 min$17 min$19 min$22 min$23 min$26 min$23 min$24 min$20 min$19 min$16 min$14 min$11 min$11 min$9 min$9 min$11 min$11 min$13 min$13 min$13 min$13 min$6 min$5 min$14 min$13 min$11 min$11 min$16 min$17 min$13 min$12 min$13 min$10 min$11 min$10 min$11 min$5 min$13 min$ 
59442,AHMEDABAD PASS,$ $22 min$15 min$19 min$22 min$19 min$22 min$21 min$19 min$19 min$16 min$20 min$30 min$35 min$34 min$38 min$41 min$40 min$34 min$38 min$41 min$37 min$40 min$41 min$40 min$30 min$33 min$31 min$29 min$22 min$26 min$22 min$23 min$23 min$24 min$13 min$11 min$9 min$38 min$39 min$40 min$37 min$40 min$42 min$40 min$41 min$41 min$42 min$30 min$29 min$31 min$30 min$33 min$34 min$34 min$27 min$24 min$23 min$19 min$18 min$23 min$19 min$16 min$17 min$0,$17 min$23 min$18 min$19 min$22 min$23 min$22 min$27 min$19 min$19 min$19 min$27 min$32 min$31 min$34 min$50 min$39 min$40 min$37 min$44 min$41 min$37 min$41 min$39 min$41 min$33 min$34 min$31 min$29 min$25 min$27 min$25 min$25 min$24 min$22 min$18 min$12 min$31 min$39 min$39 min$39 min$39 min$39 min$41 min$40 min$40 min$38 min$37 min$28 min$28 min$31 min$32 min$33 min$33 min$32 min$25 min$20 min$22 min$18 min$22 min$20 min$15 min$16 min$16 min$ 
12196,AII AF INTERCITY,$ $3 min$5 min$16 min$22 min$24 min$32 min$11 min$26 min$27 min$27 min$38 min$37 min$32 min$9 min,$2 min$3 min$5 min$20 min$22 min$24 min$35 min$16 min$26 min$28 min$29 min$38 min$37 min$32 min$ 
22996,AII BDTS SF EXP,$ $12 min$16 min$6 min$0,$0$12 min$15 min$6 min$ 
13424,AII BGP EXP,$ $29 min$23 min$0$6 min$0$0$18 min$30 min$30 min$0$0$9 min$0$10 min$1 min$0,$28 min$30 min$25 min$0$30 min$7 min$10 min$21 min$29 min$29 min$0$0$9 min$2 min$11 min$14 min$ 
12983,AII CDG G RATH,$ $1 min$0$0$2 min$0$1 min$0$0$0$20 min$7 min$11 min$8 min$0$0,$0$3 min$2 min$1 min$2 min$1 min$7 min$3 min$0$4 min$21 min$7 min$11 min$8 min$1 min$ 
12990,AII DDR  EXPRESS,$ $15 min$18 min$0$16 min$17 min$18 min$16 min$0$0$5 min$13 min$31 min$6 min$8 min$7 min$8 min$16 min$9 min$19 min$15 min$5 min$0,$5 min$14 min$18 min$5 min$16 min$16 min$17 min$15 min$0$0$6 min$17 min$31 min$15 min$9 min$7 min$9 min$15 min$10 min$15 min$15 min$7 min$ 
18208,AII DURG EXP,$ $1 min$0$8 min$19 min$2 min$11 min$41 min$0$1:06 hrs$1:11 hrs$1:24 hrs,$0$1 min$10 min$14 min$18 min$3 min$19 min$41 min$15 min$1:07 hrs$1:14 hrs$ 
19609,UDZ HW EXP,$ $3 min$25 min$30 min$29 min$31 min$0$0$1 min$3 min$5 min$9 min$10 min$4 min$0$1 min$6 min$2 min$10 min$14 min$9 min$19 min$18 min$0$56 min$20 min$47 min$49 min$29 min$34 min$6 min$4 min$0,$1 min$8 min$25 min$29 min$29 min$39 min$2 min$2 min$1 min$3 min$5 min$9 min$10 min$0$0$4 min$6 min$6 min$9 min$14 min$16 min$19 min$19 min$1 min$56 min$41 min$47 min$48 min$30 min$34 min$21 min$10 min$ 
17019,JP HYB EXPRESS,$ $27 min$44 min$59 min$41 min$59 min$54 min$35 min$41 min$30 min$41 min$20 min$31 min$25 min$14 min$58 min$14 min$6 min,$23 min$26 min$44 min$58 min$41 min$58 min$1:03 hrs$33 min$42 min$31 min$42 min$3 min$31 min$22 min$42 min$1:04 hrs$15 min$ 
12719,JP HYB SF EXP,$ $11 min$4 min$20 min$0$12 min$2 min$0$0$5 min$24 min$1 min$0$0$0$9 min$22 min$28 min$1 hrs$44 min$33 min$38 min,$5 min$14 min$8 min$20 min$0$13 min$6 min$0$3 min$19 min$34 min$5 min$0$8 min$0$10 min$23 min$37 min$48 min$45 min$40 min$ 
12066,AII JAN SHATABDI,$ $2 min$0$11 min$13 min$15 min$16 min$34 min$9 min,$0$2 min$3 min$11 min$13 min$15 min$22 min$34 min$ 
12413,AII JAT EXPRESS,$ $5 min$8 min$2 min$11 min$18 min$20 min$20 min$18 min$21 min$0$19 min$25 min$19 min$29 min$0$6 min$10 min$0$35 min$14 min,$11 min$5 min$10 min$9 min$11 min$17 min$22 min$20 min$18 min$21 min$0$20 min$25 min$13 min$29 min$3 min$12 min$10 min$3 min$34 min$ 
19608,MDJN KOAA EXP,$ $3 min$0$0$19 min$35 min$48 min$7 min$53 min$1:17 hrs$13 min$3 min$0$13 min$0$11 min$10 min$19 min$26 min$0$0$2 min$0$0$0$3 min$0,$0$3 min$2 min$0$19 min$40 min$49 min$25 min$55 min$1:18 hrs$14 min$4 min$1 min$15 min$2 min$4 min$9 min$19 min$25 min$0$0$2 min$0$0$1 min$3 min$ 
16209,AII MYS EXPRESS,$ $1:32 hrs$1:37 hrs$1:27 hrs$1:36 hrs$1:39 hrs$1:32 hrs$53 min$1:47 hrs$1:29 hrs$1:29 hrs$1:25 hrs$1:23 hrs$1:27 hrs$1:15 hrs$1:09 hrs$1:26 hrs$1:27 hrs$51 min$1:01 hrs$46 min$38 min$40 min$30 min$1:23 hrs$1:26 hrs$1:24 hrs$1:15 hrs$43 min$2:15 hrs$1:11 hrs$2:16 hrs$1:44 hrs$2:10 hrs$2:07 hrs$2:02 hrs$2:10 hrs$2:16 hrs$2:14 hrs$2:19 hrs$1:40 hrs$1:28 hrs$1:06 hrs$1:42 hrs$1:38 hrs$2:39 hrs,$1:31 hrs$1:33 hrs$1:37 hrs$1:29 hrs$1:36 hrs$1:40 hrs$1:32 hrs$1:27 hrs$1:48 hrs$1:32 hrs$1:29 hrs$1:25 hrs$1:24 hrs$1:27 hrs$1:17 hrs$1:18 hrs$1:27 hrs$1:27 hrs$1:02 hrs$1:01 hrs$49 min$45 min$45 min$49 min$1:23 hrs$1:25 hrs$1:24 hrs$1:15 hrs$58 min$2:24 hrs$1:10 hrs$3:36 hrs$1:45 hrs$2:10 hrs$2:07 hrs$2:01 hrs$2:22 hrs$2:16 hrs$2:23 hrs$2:19 hrs$1:42 hrs$1:31 hrs$1:24 hrs$1:42 hrs$1:38 hrs$ 
18422,AII PURI EXP,,
12988,AII SDAH EXPRES,$ $0$3 min$1:12 hrs$1:17 hrs$56 min$1:19 hrs$2:12 hrs$3:50 hrs$3:52 hrs$4:08 hrs$4:11 hrs$4:16 hrs$4:56 hrs$5:16 hrs$4:10 hrs$3:59 hrs$4:08 hrs$4:09 hrs$4:13 hrs$4:03 hrs$4:48 hrs,$1 min$1 min$20 min$1:12 hrs$1:17 hrs$57 min$1:23 hrs$2:12 hrs$3:56 hrs$3:54 hrs$4:10 hrs$4:13 hrs$4:17 hrs$4:15 hrs$5:16 hrs$4:10 hrs$4:04 hrs$4:09 hrs$4:10 hrs$4:13 hrs$4:03 hrs$ 
19607,AII WKLY EXP,$ $0$0$0$0$6 min$7 min$0$1 min$4 min$7 min$10 min$23 min$1:15 hrs$1:01 hrs$1:20 hrs$2:06 hrs$1:40 hrs$1:32 hrs$23 min$36 min$53 min$56 min$1:28 hrs$55 min$1:05 hrs$40 min$47 min$17 min$15 min$1:10 hrs$1:10 hrs,$1 min$0$2 min$1 min$1 min$7 min$9 min$1 min$1 min$4 min$8 min$10 min$40 min$1:16 hrs$59 min$1:29 hrs$2:02 hrs$1:40 hrs$1:32 hrs$24 min$38 min$53 min$1 hrs$1:28 hrs$57 min$1:05 hrs$48 min$47 min$17 min$15 min$1:10 hrs$ 
17064,AJANTA EXPRESS,$ $22 min$22 min$22 min$34 min$38 min$33 min$33 min$36 min$29 min$24 min$6 min$28 min$50 min$54 min$57 min$1:05 hrs$1:08 hrs$1 hrs$1:11 hrs$1:06 hrs$37 min$3 min,$15 min$23 min$22 min$24 min$35 min$40 min$38 min$34 min$37 min$31 min$27 min$15 min$38 min$56 min$55 min$57 min$1:06 hrs$1:15 hrs$1:07 hrs$1:12 hrs$1:06 hrs$38 min$ 
17063,AJANTA EXPRESS,$ $0$9 min$14 min$4 min$9 min$20 min$29 min$31 min$14 min$15 min$14 min$7 min$8 min$21 min$20 min$15 min$20 min$15 min$27 min$24 min$10 min$0,$0$1 min$10 min$15 min$9 min$12 min$21 min$30 min$32 min$18 min$20 min$18 min$11 min$11 min$24 min$20 min$19 min$22 min$19 min$28 min$23 min$6 min$ 
19613,AJMER ASR EXP,$ $3 min$10 min$4 min$11 min$10 min$11 min$14 min$23 min$30 min$14 min$23 min$6 min$16 min$22 min$0$0$9 min$9 min$3 min$5 min$0$30 min$49 min$41 min$15 min,$0$2 min$11 min$8 min$11 min$9 min$18 min$21 min$31 min$33 min$15 min$22 min$12 min$18 min$21 min$0$0$9 min$12 min$8 min$9 min$19 min$35 min$47 min$41 min$ 
19611,AJMER ASR EXP,$ $2 min$7 min$0$8 min$7 min$14 min$11 min$16 min$16 min$25 min$12 min$0$7 min$9 min$11 min$0$10 min$0$11 min$9 min$9 min$5 min$15 min$31 min$24 min$8 min$46 min$48 min$1:12 hrs$25 min,$0$2 min$9 min$7 min$7 min$7 min$13 min$14 min$18 min$16 min$26 min$11 min$1 min$7 min$9 min$10 min$0$10 min$1 min$11 min$9 min$12 min$7 min$28 min$28 min$24 min$36 min$51 min$50 min$1:13 hrs$ 
12989,AJMER EXPRESS,,
16210,AJMER EXPRESS,,
19411,AJMER INTERCITY,$ $32 min$40 min$0$18 min$37 min$40 min$42 min$43 min$45 min$27 min$38 min$5 min,$22 min$32 min$39 min$3 min$25 min$37 min$39 min$41 min$43 min$46 min$34 min$39 min$ 
12015,AJMER SHTBDI,$ $5 min$6 min$0$4 min$5 min$11 min$0$10 min$7 min$4 min,$0$5 min$8 min$3 min$6 min$3 min$12 min$5 min$9 min$5 min$ 
12016,AJMER SHTBDI,$ $0$2 min$0$5 min$7 min$12 min$0$12 min$14 min$14 min,$0$0$2 min$4 min$5 min$15 min$14 min$1 min$13 min$15 min$ 
11202,AJNI LTT EXPRESS,$ $11 min$9 min$16 min$0$4 min$0$6 min$0$4 min$4 min$35 min$29 min$31 min$17 min$0$3 min$6 min$0$14 min$16 min$6 min$17 min$0,$0$11 min$23 min$16 min$6 min$4 min$11 min$7 min$0$4 min$1:05 hrs$37 min$29 min$32 min$34 min$0$4 min$15 min$15 min$17 min$17 min$15 min$19 min$ 
17640,AK KCG EXP,$ $5 min$0$17 min$0$0$4 min$0$0$0$6 min$22 min$30 min$33 min$34 min$16 min$21 min,$1 min$10 min$6 min$17 min$20 min$7 min$6 min$2 min$2 min$2 min$16 min$23 min$32 min$33 min$34 min$16 min$ 
12318,AKAL TAKHAT EXP,$ $29 min$19 min$16 min$14 min$15 min$24 min$41 min$10 min$19 min$11 min$32 min$44 min$46 min$1:15 hrs$1:17 hrs$1:30 hrs$1:26 hrs$58 min$1:21 hrs$1:22 hrs$1:34 hrs$2 hrs,$7 min$29 min$20 min$18 min$15 min$22 min$18 min$44 min$16 min$21 min$18 min$32 min$53 min$44 min$1:21 hrs$1:20 hrs$1:30 hrs$1:13 hrs$1:04 hrs$1:23 hrs$1:23 hrs$1:53 hrs$ 
12317,AKAL TAKHT EXP,$ $0$3 min$7 min$0$5 min$11 min$15 min$16 min$0$31 min$1:03 hrs$0$5 min$14 min$0$0$2 min$10 min$11 min$10 min$19 min$0,$0$2 min$6 min$8 min$0$5 min$11 min$18 min$35 min$0$31 min$1:03 hrs$2 min$6 min$14 min$2 min$0$9 min$10 min$9 min$0$19 min$ 
14312,ALA HAZRAT EXP,$ $5 min$4 min$1 min$10 min$7 min$20 min$31 min$25 min$0$0$19 min$0$6 min$24 min$7 min$10 min$15 min$0$1 min$8 min$7 min$5 min$10 min$9 min$16 min$17 min$20 min$19 min$23 min$0$9 min$18 min$19 min$20 min$20 min$16 min$22 min$35 min$34 min$27 min$30 min$15 min$13 min$8 min$5 min,$0$5 min$5 min$3 min$10 min$8 min$21 min$31 min$29 min$5 min$4 min$36 min$1 min$12 min$24 min$10 min$11 min$15 min$0$2 min$8 min$9 min$7 min$10 min$9 min$16 min$16 min$20 min$20 min$23 min$0$9 min$18 min$19 min$20 min$20 min$16 min$20 min$35 min$31 min$27 min$30 min$14 min$13 min$8 min$ 
14311,ALA HAZRAT EXP,$ $11 min$19 min$11 min$21 min$19 min$14 min$15 min$13 min$12 min$14 min$16 min$18 min$19 min$20 min$21 min$13 min$22 min$21 min$23 min$29 min$21 min$30 min$37 min$39 min$28 min$32 min$35 min$49 min$29 min$28 min$31 min$24 min$38 min$0$0$53 min$1 min$15 min$21 min$19 min$28 min$4 min$11 min$8 min$10 min$10 min$0,$0$12 min$21 min$15 min$22 min$19 min$15 min$15 min$17 min$13 min$14 min$16 min$17 min$19 min$19 min$20 min$16 min$23 min$22 min$23 min$29 min$19 min$30 min$37 min$40 min$31 min$32 min$35 min$48 min$26 min$27 min$31 min$25 min$40 min$8 min$1 min$53 min$17 min$16 min$22 min$20 min$28 min$5 min$11 min$3 min$10 min$11 min$ 
12276,NDLS ALD HUMSAFAR,$ $14 min,$0$ 
12293,ALD DURONTO EXP,$ $10 min$7 min$41 min$56 min$0,$0$13 min$8 min$41 min$1 hrs$ 
12403,ALD JP EXPRESS,$ $19 min$34 min$58 min$1 hrs$53 min$1:07 hrs$1:02 hrs$1:03 hrs$1:02 hrs$38 min$46 min$51 min$47 min$26 min,$4 min$22 min$42 min$1 hrs$1 hrs$1:13 hrs$1:08 hrs$1:03 hrs$1:04 hrs$1:03 hrs$40 min$47 min$51 min$47 min$ 
12294,ALD LTT DURONTO,$ $24 min$1:18 hrs$1:21 hrs$13 min$50 min,$4 min$33 min$1:32 hrs$1:22 hrs$16 min$ 
22639,ALLEPPEY EXP,$ $16 min$17 min$12 min$18 min$25 min$36 min$30 min$29 min$25 min$31 min$39 min$32 min$38 min$44 min$48 min$49 min$58 min$50 min$50 min$52 min$53 min$49 min$8 min,$1 min$15 min$23 min$13 min$19 min$28 min$36 min$32 min$29 min$26 min$31 min$40 min$32 min$39 min$45 min$48 min$50 min$55 min$50 min$51 min$56 min$54 min$49 min$ 
16308,ALLEPPEY EXP,$ $9 min$10 min$11 min$15 min$9 min$10 min$16 min$22 min$21 min$20 min$20 min$14 min$4 min$12 min$19 min$22 min$27 min$29 min$15 min$19 min$27 min$11 min$16 min$24 min$4 min,$2 min$9 min$10 min$12 min$14 min$13 min$13 min$20 min$22 min$21 min$20 min$20 min$14 min$14 min$13 min$20 min$24 min$27 min$29 min$15 min$19 min$28 min$18 min$19 min$24 min$ 
12587,AMAR NATH EXP,$ $53 min$1:22 hrs$1:03 hrs$3:36 hrs$3:35 hrs$3:51 hrs$3:59 hrs$3:58 hrs$3:52 hrs$3:56 hrs$3:57 hrs$4:19 hrs$4:05 hrs$3:49 hrs$3:55 hrs$3:20 hrs,$53 min$1:29 hrs$1:18 hrs$57 min$3:37 hrs$3:39 hrs$3:53 hrs$4:01 hrs$3:58 hrs$3:53 hrs$3:57 hrs$4:17 hrs$4:18 hrs$4:05 hrs$3:48 hrs$3:57 hrs$ 
17225,AMARAVATHI EXP,$ $1 min$7 min$17 min$19 min$23 min$30 min$29 min$33 min$50 min$46 min$0$3 min$4 min$6 min$16 min$12 min$7 min$0$9 min$0$4 min$8 min$1 min$21 min$0,$0$11 min$14 min$17 min$19 min$28 min$31 min$33 min$34 min$53 min$55 min$1 min$4 min$6 min$11 min$17 min$16 min$18 min$5 min$11 min$5 min$4 min$9 min$5 min$21 min$ 
18047,AMARAVATHI EXP,$ $45 min$2 min$40 min$48 min$1:26 hrs$9 min$52 min$53 min$51 min$1:02 hrs$1:03 hrs$1:03 hrs$1 hrs$54 min$1:48 hrs$1:56 hrs$2:14 hrs$1:39 hrs$1:24 hrs$1:24 hrs$1:19 hrs$1:22 hrs$1:26 hrs$1:23 hrs$1:24 hrs$43 min$56 min$49 min$1:02 hrs$52 min$2:12 hrs$1:07 hrs$1:08 hrs$1:07 hrs$1:27 hrs$1:18 hrs$1:32 hrs$1:30 hrs$1:38 hrs$2:21 hrs$2:45 hrs$2:41 hrs,$41 min$1:10 hrs$3 min$45 min$48 min$1:20 hrs$54 min$53 min$53 min$51 min$1:02 hrs$1:04 hrs$1:06 hrs$1:01 hrs$1:46 hrs$1:50 hrs$1:57 hrs$2:15 hrs$1:57 hrs$1:26 hrs$1:24 hrs$1:21 hrs$1:24 hrs$1:26 hrs$1:23 hrs$1:29 hrs$58 min$1:27 hrs$59 min$1:03 hrs$1:16 hrs$2:15 hrs$1:08 hrs$1:09 hrs$1:09 hrs$1:27 hrs$1:29 hrs$1:37 hrs$2:17 hrs$1:50 hrs$2:35 hrs$2:47 hrs$ 
17226,AMARAVATI EXP,$ $16 min$16 min$11 min$17 min$12 min$26 min$15 min$19 min$44 min$50 min$26 min$30 min$31 min$15 min$29 min$22 min$18 min$22 min$20 min$19 min$25 min$27 min$28 min$17 min$0,$0$16 min$16 min$13 min$17 min$22 min$27 min$21 min$44 min$44 min$50 min$27 min$30 min$31 min$25 min$38 min$26 min$26 min$24 min$24 min$21 min$27 min$29 min$32 min$22 min$ 
12854,AMARKANTAK EXP,$ $4 min$10 min$13 min$10 min$23 min$26 min$26 min$36 min$42 min$40 min$37 min$47 min$39 min$34 min$1:02 hrs$1 hrs$54 min$1:03 hrs$1:04 hrs$1:01 hrs$59 min$52 min$55 min$54 min$42 min$1:02 hrs$1:11 hrs$1:07 hrs$17 min,$1 min$6 min$12 min$14 min$11 min$24 min$26 min$27 min$37 min$43 min$40 min$37 min$47 min$38 min$37 min$1:02 hrs$1:02 hrs$54 min$1:03 hrs$1:03 hrs$1:01 hrs$59 min$52 min$55 min$54 min$32 min$1:02 hrs$1:11 hrs$1:10 hrs$ 
12853,AMARKANTAK EXP,$ $7 min$9 min$11 min$5 min$17 min$19 min$12 min$13 min$15 min$13 min$6 min$10 min$4 min$0$9 min$17 min$20 min$19 min$16 min$13 min$23 min$21 min$24 min$29 min$17 min$31 min$34 min$46 min$12:56 hrs,$3 min$7 min$10 min$10 min$13 min$16 min$18 min$13 min$14 min$15 min$13 min$8 min$11 min$6 min$4 min$10 min$18 min$20 min$19 min$15 min$17 min$25 min$22 min$25 min$29 min$27 min$31 min$35 min$49 min$ 
15097,AMARNATH EXP,$ $3 min$0$0$0$19 min$5 min$12 min$13 min$14 min$31 min$17 min$15 min$0$4 min$11 min$2 min$13 min$11 min$0$7 min$3 min$4 min$12 min$0$54 min$20 min,$0$4 min$0$0$0$19 min$0$12 min$13 min$17 min$25 min$17 min$10 min$0$4 min$13 min$2 min$13 min$11 min$0$7 min$5 min$16 min$12 min$15 min$58 min$ 
15098,AMARNATH EXP,$ $4 min$27 min$38 min$40 min$1:19 hrs$1:15 hrs$1:13 hrs$1:11 hrs$1:03 hrs$44 min$1:15 hrs,$0$4 min$26 min$39 min$45 min$1:16 hrs$1:17 hrs$1:03 hrs$1:10 hrs$1:03 hrs$55 min$ 
15653,AMARNATH EXPRESS,$ $0$0$0$10 min$3 min$0$0$5 min$7 min$0$9 min$5 min$5 min$10 min$51 min$1:11 hrs$1:29 hrs$1:56 hrs$2:03 hrs$2:18 hrs$3:33 hrs$3:24 hrs$3:29 hrs$3:39 hrs$3:54 hrs$3:30 hrs$4:04 hrs$5 hrs$5:01 hrs$5:05 hrs$4:49 hrs$4:58 hrs$5:01 hrs$5:07 hrs$5:27 hrs$5:04 hrs$5:14 hrs$4:27 hrs,$1 min$1 min$6 min$4 min$10 min$5 min$0$0$5 min$7 min$2 min$9 min$0$5 min$35 min$55 min$1:12 hrs$1:34 hrs$1:56 hrs$2:04 hrs$2:18 hrs$3:55 hrs$3:24 hrs$3:29 hrs$4:11 hrs$3:54 hrs$3:25 hrs$4:04 hrs$5 hrs$5:04 hrs$5:05 hrs$4:49 hrs$4:58 hrs$5:01 hrs$5:35 hrs$5:29 hrs$5:04 hrs$5:13 hrs$ 
11265,AMBIKAPUR EXPRES,,
13138,AMH KOAA EXP,,
11054,AMH LTT EXP,,
12159,AMI JBP SUP EXP,,
11406,AMI PUNE EXP,,
12766,AMI TPTY SUP EXP,,
12112,AMI CSMT EXPRESS,,
16343,AMRITHA EXPRESS,,
16344,AMRITHA EXPRESS,,
13049,AMRITSAR EXP,,
12483,AMRITSAR EXP,,
11057,CSMT DHI EXPRES,,
13005,AMRITSAR MAIL,,
12014,AMRITSAR SHTBDI,,
12031,AMRITSAR SHTBDI,,
12013,AMRITSAR SHTBDI,,
12032,AMRITSAR SHTBDI,,
16723,ANANTAPURI EXP,,
16724,ANANTAPURI EXP,,
12316,ANANYA EXPRESS,,
16032,ANDAMAN EXPRESS,,
16031,ANDAMAN EXPRESS,,
12253,ANGA EXPRESS,,
12254,ANGA EXPRESS,,
12315,ANNANYA  EXPRES,,
22632,ANUVRAT EXP,,
22631,ANUVRAT EXPRESS,,
22406,ANVT BGP G RATH,,
14152,ANVT CNB EXP,,
12583,ANVT DOUBLE DKR,,
22409,ANVT GARIB RATH,,
12211,ANVT GARIB RATH,,
15058,ANVT GKP EXP,,
12444,ANVT HLZ S F EXP,,
12040,NDLS KGM SHT,,
13132,PNBE KOAA EXPRE,,
15622,ANVT KYQ EXPRESS,,
15026,ANVT MAU EXP,,
13430,ANVT MLDT EXP,,
12428,ANVT REWA EXP,,
22858,ANVT SRC SF EXP,,
12708,AP SMPRK KRANTI,,
12885,ARANYAK EXPRESS,,
12886,ARANYAK EXPRESS,,
19707,AMRAPUR ARAVALI,,
19708,ARAVALI EXPRESS,,
12356,ARCHANA EXPRESS,,
12355,ARCHNA EXPRESS,,
12916,ASHRAM EXPRESS,,
12915,ASHRAM EXPRESS,,
12361,ASN CSTM EXPRESS,,
13509,ASN GD EXPRESS,,
13507,ASN GKP EXPRESS,,
19614,ASR AII EXP,,
19612,ASR AJMER EXP,,
12242,ASR CDG SUP,,
11058,ASR CSTM  EXP,,
15934,ASR DBRG EXPRESS,,
14632,ASR DDN EXPRESS,,
14612,SVDK GCT EXP,,
54602,ASR HSR PASNGER,,
12054,ASR HW JNSHTBDI,,
13050,ASR HWH EXPRESS,,
13006,ASR HWH MAIL,,
19326,ASR INDB EXPRESS,,
12484,ASR KCVL EXPRESS,,
15708,ASR KIR EXPRESS,,
12358,ASR KOAA SUP EXP,,
14616,ASR LKU EXP,,
12460,ASR NDLS EXP,,
12716,ASR NED EXPRESS,,
12422,ASR NED SF EXP,,
14002,ATTARI DLI EXP,,
12953,AUG KR RAJ EXP,,
57549,AURANGABAD PSGR,,
15910,AVADH ASSAM EXP,,
19038,AVADH EXPRESS,,
19040,AVADH EXPRESS,,
19037,AVADH EXPRESS,,
19039,AVADH EXPRESS,,
12962,AVANTIKA EXP,,
12961,AVANTIKA EXP,,
17619,AWB NED EXP,,
17621,AWB RU EXPRESS,,
12130,AZAD HIND EXP,$ $1:19 hrs$48 min$1:38 hrs$1:48 hrs$1:50 hrs$2:01 hrs$2:05 hrs$2:11 hrs$2:03 hrs$1:50 hrs$1:52 hrs$1:13 hrs$1:57 hrs$2:01 hrs$2:14 hrs$2:17 hrs$2:17 hrs$2:26 hrs$2:32 hrs$2:15 hrs$2:26 hrs$2:31 hrs$2:44 hrs$2:41 hrs$2:49 hrs$3:25 hrs$2:37 hrs$2:39 hrs$2:35 hrs$2:20 hrs$2:13 hrs,$1:20 hrs$1:19 hrs$47 min$1:37 hrs$1:52 hrs$1:52 hrs$2:01 hrs$2:18 hrs$2:11 hrs$1:50 hrs$1:50 hrs$1:52 hrs$1:52 hrs$1:57 hrs$2:01 hrs$2:13 hrs$2:17 hrs$2:17 hrs$2:33 hrs$2:32 hrs$2:18 hrs$2:27 hrs$2:32 hrs$2:45 hrs$2:47 hrs$2:52 hrs$2:59 hrs$1:51 hrs$3:10 hrs$2:35 hrs$2:31 hrs$ 
12129,AZAD HIND EXP,$ $0$19 min$23 min$19 min$14 min$13 min$0$13 min$18 min$27 min$4 min$2 min$0$2 min$2 min$1 min$6 min$7 min$0$6 min$11 min$0$12 min$17 min$21 min$7 min$36 min$38 min$20 min$55 min$16 min,$7 min$3 min$20 min$23 min$20 min$20 min$15 min$7 min$13 min$20 min$26 min$7 min$3 min$1 min$3 min$3 min$2 min$6 min$7 min$2 min$6 min$11 min$1 min$12 min$16 min$20 min$12 min$37 min$38 min$18 min$56 min$ 
12948,AZIMABAD EXPRESS,$ $2 min$4 min$4 min$0$23 min$2 hrs$2:38 hrs$3:03 hrs$2:28 hrs$2:34 hrs$2:40 hrs$2:37 hrs$1:40 hrs$1:25 hrs$1:07 hrs$1:04 hrs$1:03 hrs$41 min,$1 min$2 min$4 min$6 min$1 min$41 min$2:06 hrs$2:40 hrs$3:06 hrs$2:36 hrs$2:37 hrs$2:39 hrs$3:30 hrs$1:41 hrs$1:28 hrs$1:12 hrs$1:05 hrs$1:03 hrs$ 
12947,AZIMABAD EXPRESS,$ $9 min$6 min$0$4 min$0$1 min$10 min$5 min$0$0$18 min$2:15 hrs$3:08 hrs$4:34 hrs$4:40 hrs$4:49 hrs$4:46 hrs,$13 min$9 min$6 min$0$2 min$1 min$2 min$10 min$6 min$0$3 min$37 min$2:36 hrs$3:14 hrs$4:36 hrs$4:40 hrs$4:51 hrs$ 
15666,B G EXPRESS,$ $5 min$0$24 min$34 min$39 min$37 min$42 min$5 min,$2 min$6 min$38 min$33 min$35 min$40 min$36 min$42 min$ 
15665,B  G  EXPRESS,$ $10 min$18 min$17 min$12 min$13 min$0$6 min$0,$0$10 min$17 min$18 min$13 min$13 min$0$6 min$ 
18449,B NATH DHAM EXP,$ $0$0$0$5 min$19 min$0$4 min$2 min$0$5 min$5 min$2 min$15 min$9 min$0$16 min$20 min$23 min$8 min$0$17 min$23 min$22 min$0,$1 min$1 min$0$1 min$6 min$18 min$0$2 min$7 min$0$5 min$5 min$6 min$15 min$14 min$4 min$16 min$21 min$22 min$4 min$0$17 min$23 min$22 min$ 
18450,B NATH DHAM EXP,$ $16 min$19 min$13 min$11 min$0$4 min$0$3 min$3 min$0$3 min$0$5 min$6 min$20 min$32 min$19 min$0$0$4 min$2 min$0$3 min$0,$5 min$16 min$19 min$13 min$10 min$1 min$1 min$0$4 min$3 min$0$3 min$15 min$6 min$6 min$20 min$45 min$15 min$1 min$0$4 min$2 min$0$2 min$ 
13019,BAGH EXPRESS,,
13020,BAGH EXPRESS,$ $2 min$1 min$12 min$16 min$10 min$0$30 min$28 min$26 min$29 min$35 min$15 min$20 min$31 min$32 min$26 min$15 min$28 min$36 min$35 min$39 min$38 min$39 min$37 min$22 min$26 min$30 min$27 min$21 min$26 min$44 min$49 min$44 min$45 min$46 min$48 min$51 min$1:01 hrs$1:04 hrs$55 min$38 min$46 min$41 min$12 min$0$0$11 min$32 min$0$21 min$21 min$16 min$25 min$0$0$9 min$5 min$7 min$9 min$0$0$7 min,$1 min$7 min$6 min$11 min$16 min$16 min$11 min$29 min$28 min$27 min$34 min$34 min$25 min$24 min$29 min$33 min$27 min$18 min$32 min$39 min$39 min$39 min$39 min$39 min$38 min$26 min$26 min$29 min$30 min$22 min$22 min$44 min$49 min$44 min$45 min$46 min$49 min$50 min$1:01 hrs$1:04 hrs$57 min$41 min$46 min$42 min$22 min$22 min$2 min$12 min$33 min$19 min$22 min$20 min$25 min$25 min$6 min$1 min$9 min$6 min$7 min$9 min$2 min$0$ 
12578,BAGMATI EXPRESS,$ $2 min$5 min$28 min$27 min$49 min$50 min$36 min$1:10 hrs$1:37 hrs$1:47 hrs$1:50 hrs$1:59 hrs$1:25 hrs$1:36 hrs$1:20 hrs$33 min$1:06 hrs$1:06 hrs$56 min$0$16 min$34 min$0$4 min$11 min$15 min$38 min$2:36 hrs$3:27 hrs$3:51 hrs$3:44 hrs$3:40 hrs$3:46 hrs$3:58 hrs$4:20 hrs$4:20 hrs,$0$3 min$8 min$28 min$30 min$49 min$50 min$42 min$1:11 hrs$1:38 hrs$1:51 hrs$1:50 hrs$1:59 hrs$1:34 hrs$1:34 hrs$1:20 hrs$42 min$1:06 hrs$1:05 hrs$56 min$6 min$16 min$34 min$3 min$5 min$11 min$16 min$47 min$2:50 hrs$3:25 hrs$3:51 hrs$3:46 hrs$3:40 hrs$3:46 hrs$3:50 hrs$4:20 hrs$ 
12577,BAGMATI EXPRESS,$ $30 min$11 min$46 min$1:10 hrs$1:17 hrs$1:22 hrs$48 min$51 min$1:31 hrs$1:32 hrs$1:37 hrs$1:22 hrs$1:07 hrs$2:01 hrs,$0$30 min$25 min$46 min$1:10 hrs$1:19 hrs$1:22 hrs$47 min$1:22 hrs$2:04 hrs$1:35 hrs$1:35 hrs$1:37 hrs$1:13 hrs$ 
16316,MYSURU EXPRESS,$ $17 min$30 min$27 min$29 min$25 min$20 min$25 min$16 min$28 min$25 min$21 min$24 min$19 min$16 min$10 min$14 min$16 min$12 min$19 min$20 min$9 min$15 min$25 min$18 min$0,$9 min$20 min$30 min$33 min$30 min$28 min$20 min$30 min$17 min$29 min$30 min$22 min$24 min$21 min$17 min$14 min$15 min$16 min$15 min$25 min$25 min$16 min$15 min$26 min$19 min$ 
12609,MYSURU EXP,$ $6 min$8 min$13 min$17 min$21 min$21 min$23 min$26 min$24 min$11 min$25 min$26 min$26 min$25 min$26 min$29 min$14 min$32 min$38 min$39 min$43 min$41 min$39 min$0,$1 min$7 min$9 min$13 min$18 min$21 min$22 min$24 min$26 min$25 min$12 min$27 min$28 min$27 min$26 min$29 min$30 min$30 min$36 min$39 min$39 min$43 min$29 min$40 min$ 
16228,BANGALORE EXP,$ $1 min$3 min$16 min$2 min$15 min$26 min$33 min$19 min$25 min$19 min$26 min$0$16 min$18 min$26 min$28 min$29 min$30 min$31 min$26 min$27 min$36 min$36 min$29 min$5 min,$0$1 min$9 min$19 min$9 min$17 min$26 min$33 min$27 min$25 min$19 min$27 min$10 min$16 min$19 min$26 min$28 min$29 min$30 min$29 min$20 min$27 min$37 min$37 min$28 min$ 
12785,BANGALORE EXP,$ $17 min$16 min$21 min$17 min$11 min$26 min$45 min$18 min$22 min$28 min$31 min$29 min$34 min$42 min$33 min$35 min$46 min$39 min$36 min,$2 min$16 min$16 min$22 min$18 min$17 min$34 min$48 min$22 min$25 min$30 min$31 min$29 min$34 min$41 min$36 min$36 min$46 min$40 min$ 
16525,BANGALORE EXP,$ $4 min$26 min$34 min$36 min$38 min$0$18 min$21 min$20 min$19 min$13 min$25 min$29 min$26 min$32 min$30 min$34 min$35 min$23 min$24 min$26 min$25 min$25 min$28 min$21 min$22 min$23 min$32 min$41 min$18 min$22 min$19 min$22 min$13 min$22 min$20 min$0$1 min$2 min$4 min$3 min$21 min$0,$1 min$17 min$31 min$40 min$37 min$39 min$6 min$18 min$22 min$20 min$18 min$16 min$25 min$29 min$29 min$32 min$31 min$35 min$36 min$28 min$24 min$27 min$27 min$25 min$28 min$21 min$23 min$24 min$32 min$42 min$19 min$24 min$20 min$22 min$19 min$23 min$20 min$4 min$6 min$10 min$7 min$13 min$21 min$ 
16524,BANGALORE EXP,$ $10 min$13 min$6 min$3 min$1 min$6 min$4 min$3 min$4 min$0$0$0,$1 min$11 min$3 min$8 min$4 min$8 min$4 min$4 min$9 min$6 min$0$1 min$ 
17236,BANGALORE EXP,$ $20 min$10 min$28 min$31 min$33 min$9 min$14 min$22 min$13 min$13 min$12 min$8 min$14 min$0$0,$6 min$27 min$20 min$29 min$33 min$35 min$11 min$16 min$22 min$16 min$16 min$16 min$12 min$22 min$0$ 
12678,BANGALORE EXP,$ $3 min$12 min$18 min$14 min$15 min$13 min$26 min$21 min$36 min$34 min$46 min$43 min$26 min,$0$3 min$12 min$21 min$15 min$15 min$22 min$27 min$23 min$36 min$33 min$49 min$46 min$ 
16518,BANGALORE EXP,,
12657,BANGALORE MAIL,$ $16 min$20 min$9 min$12 min$8 min$0,$2 min$18 min$20 min$9 min$13 min$9 min$ 
56263,BANGALORE PASSR,$ $6 min$3 min$5 min$6 min$5 min$6 min$2 min$9 min$12 min$2 min$4 min$3 min$0$0$0,$1 min$7 min$3 min$5 min$6 min$5 min$6 min$7 min$11 min$10 min$5 min$4 min$4 min$0$0$ 
12683,ERS BAND SF EXP,$ $16 min$31 min$34 min$25 min$42 min$47 min$39 min$30 min$38 min,$0$16 min$32 min$34 min$36 min$42 min$48 min$40 min$34 min$ 
22607,ERS BAND SF EXP,$ $7 min$28 min$24 min$32 min$17 min$39 min$43 min$39 min$17 min$13 min,$3 min$7 min$28 min$26 min$33 min$18 min$39 min$43 min$38 min$18 min$ 
22692,BANGLORE RJDHNI,$ $7 min$12 min$17 min$46 min$47 min$41 min$16 min$31 min$18 min$23 min$24 min$16 min$35 min$0$9 min$0,$0$9 min$12 min$16 min$47 min$49 min$46 min$25 min$32 min$23 min$24 min$28 min$18 min$34 min$4 min$9 min$ 
13241,BANKA RJPB EXP,$ $20 min$18 min$22 min$21 min$27 min$25 min$31 min$16 min$36 min$35 min$37 min$9 min$29 min$26 min$21 min,$19 min$22 min$19 min$24 min$28 min$28 min$26 min$34 min$15 min$36 min$35 min$37 min$27 min$29 min$28 min$ 
14555,BAREILLY DLI EX,$ $3 min$5 min$0$4 min$0$0$0$0$2 min$7 min$10 min$12 min$9 min$1 min$2 min$0$13 min$16 min$19 min$20 min$13 min$10 min$4 min$5 min$4 min$3 min,$0$5 min$4 min$0$5 min$3 min$11 min$6 min$0$3 min$9 min$11 min$13 min$9 min$5 min$5 min$3 min$16 min$19 min$21 min$29 min$14 min$10 min$8 min$4 min$7 min$ 
14313,BAREILLY EXP,$ $8 min$7 min$15 min$26 min$27 min$30 min$0$11 min$9 min$43 min$22 min$0$47 min$1:10 hrs$1:09 hrs$51 min$41 min$55 min$25 min$11 min$12 min$0$0$19 min$0,$14 min$7 min$6 min$14 min$32 min$31 min$30 min$2 min$12 min$8 min$44 min$25 min$9 min$1:04 hrs$1:08 hrs$1:10 hrs$1:02 hrs$1:02 hrs$55 min$25 min$12 min$9 min$2 min$0$18 min$ 
14556,BAREILLY EXP,$ $5 min$1 min$0$6 min$2 min$5 min$7 min$9 min$16 min$9 min$10 min$11 min$13 min$10 min$9 min$6 min$7 min$0$0$0$6 min$7 min$1 min$0$1 min$0,$0$5 min$3 min$2 min$6 min$4 min$6 min$8 min$10 min$16 min$12 min$12 min$12 min$13 min$10 min$10 min$6 min$8 min$6 min$9 min$4 min$6 min$7 min$1 min$2 min$2 min$ 
14322,BAREILLY EXPRESS,$ $3 min$1 min$0$13 min$9 min$13 min$18 min$23 min$35 min$34 min$0$9 min$25 min$6 min$10 min$0$0$7 min$0$2 min$6 min$7 min$10 min$9 min$14 min$13 min$16 min$16 min$3 min$10 min$13 min$18 min$19 min$19 min$17 min$10 min$0$21 min$19 min$13 min$16 min$8 min$10 min$10 min$0,$1 min$3 min$2 min$1 min$14 min$9 min$13 min$20 min$23 min$36 min$36 min$1 min$8 min$25 min$9 min$10 min$0$1 min$8 min$4 min$5 min$6 min$7 min$10 min$11 min$14 min$14 min$16 min$16 min$6 min$10 min$15 min$19 min$19 min$19 min$17 min$3 min$0$21 min$16 min$14 min$16 min$12 min$12 min$10 min$ 
28624,BARKA IPR EXP,,
14805,BARMER AC EXP,$ $29 min$32 min$18 min$43 min$1:27 hrs$1:43 hrs$1:10 hrs$40 min$5 min$0$8 min$0$6 min$0$0$0$8 min$0$12 min$23 min$30 min$37 min$12 min$6 min$0$1 min$4 min$16 min$14 min$12 min$13 min$11 min$30 min$21 min$36 min$8 min,$0$29 min$32 min$20 min$1:29 hrs$1:50 hrs$1:43 hrs$1:09 hrs$45 min$22 min$3 min$7 min$2 min$6 min$0$0$0$9 min$6 min$13 min$24 min$30 min$37 min$6 min$6 min$6 min$4 min$3 min$15 min$15 min$12 min$12 min$27 min$29 min$21 min$34 min$ 
14888,BARMER  KLK EXP,$ $8 min$11 min$10 min$5 min$13 min$23 min$28 min$34 min$34 min$39 min$24 min$0$8 min$20 min$21 min$19 min$16 min$17 min$20 min$18 min$19 min$19 min$16 min$14 min$0$4 min$7 min$5 min$5 min$8 min$11 min$20 min$27 min$22 min$19 min$26 min$23 min$19 min$32 min$30 min,$1 min$7 min$13 min$11 min$9 min$32 min$25 min$33 min$32 min$34 min$43 min$27 min$8 min$9 min$21 min$22 min$20 min$15 min$17 min$17 min$20 min$20 min$20 min$18 min$15 min$0$4 min$7 min$5 min$6 min$8 min$14 min$20 min$27 min$24 min$31 min$20 min$23 min$27 min$32 min$ 
17307,BASAVA EXPRESS,$ $1 min$11 min$9 min$13 min$11 min$14 min$15 min$9 min$5 min$9 min$19 min$20 min$18 min$4 min$16 min$10 min$29 min$38 min$41 min$2 min$0$0$8 min$7 min$19 min$27 min$0$2 min$0$0$11 min$4 min$0,$3 min$2 min$10 min$10 min$13 min$19 min$18 min$25 min$8 min$2 min$11 min$23 min$20 min$18 min$17 min$20 min$28 min$30 min$46 min$44 min$18 min$14 min$3 min$9 min$9 min$23 min$29 min$7 min$5 min$2 min$4 min$11 min$20 min$ 
17308,BASAVA EXPRESS,$ $0$7 min$0$0$19 min$37 min$6 min$3 min$0$6 min$10 min$15 min$16 min$26 min$7 min$35 min$2 min$11 min$11 min$18 min$2 min$17 min$9 min$18 min$27 min$29 min$32 min$33 min$35 min$44 min$3 min,$0$0$7 min$6 min$6 min$24 min$38 min$7 min$5 min$3 min$6 min$12 min$20 min$28 min$31 min$20 min$35 min$11 min$16 min$12 min$23 min$8 min$20 min$15 min$18 min$27 min$29 min$30 min$34 min$32 min$47 min$ 
51029,BJP FAST PASS,,
18404,BBN ROU INT EXP,$ $1:28 hrs$1:49 hrs$1:57 hrs$2:06 hrs$2:05 hrs$2:14 hrs,$1:49 hrs$1:28 hrs$1:50 hrs$1:58 hrs$2:06 hrs$2:04 hrs$ 
12021,BBN JANSHATABDI,,
12022,BBN JANSHATABDI,$ $28 min$27 min$30 min$37 min$39 min$58 min$1:24 hrs$1:28 hrs$1:27 hrs,$27 min$30 min$32 min$30 min$36 min$47 min$1:07 hrs$1:25 hrs$1:58 hrs$ 
18415,BBN PURI EXP,$ $42 min$40 min$47 min$54 min$54 min$56 min$1:06 hrs$1:08 hrs$1:22 hrs$1:21 hrs$1:19 hrs$1:22 hrs$1:24 hrs$1:27 hrs$1:26 hrs$1:30 hrs$1:23 hrs$1:23 hrs$1:24 hrs$1:25 hrs$1:24 hrs$1:25 hrs$51 min$1:16 hrs$55 min$56 min$1:14 hrs$58 min$46 min,$38 min$42 min$45 min$51 min$54 min$55 min$59 min$1:04 hrs$1:21 hrs$1:24 hrs$1:22 hrs$1:19 hrs$1:22 hrs$1:25 hrs$1:27 hrs$1:27 hrs$1:30 hrs$1:23 hrs$1:24 hrs$1:24 hrs$1:25 hrs$1:25 hrs$1:26 hrs$51 min$1:14 hrs$1 hrs$55 min$1:13 hrs$57 min$ 
12892,BBS BPO EXPRESS,$ $4 min$18 min$34 min$1:11 hrs$56 min$2:29 hrs$6 min$40 min,$1 min$6 min$18 min$40 min$1:12 hrs$56 min$2 min$8 min$ 
18437,BBS BWIP LINK EX,$ $2 min$0$0$1 min$6 min$0$1 min$5 min$0$9 min$8 min$1 min$0$5 min$4 min$5 min$7 min$12 min$0,$3 min$11 min$4 min$5 min$6 min$6 min$1 min$1 min$5 min$4 min$10 min$9 min$3 min$4 min$6 min$7 min$8 min$8 min$13 min$ 
12830,BBS CHENNAI EXP,$ $1:50 hrs$2:55 hrs$2:25 hrs$2:29 hrs$2:23 hrs$2:25 hrs$2:39 hrs$2:47 hrs$2:53 hrs$3:04 hrs$3:11 hrs$2:05 hrs$2:10 hrs$2:20 hrs$2:15 hrs$2:35 hrs$1:47 hrs$1:45 hrs$1:05 hrs,$1:15 hrs$2:52 hrs$2:54 hrs$2:27 hrs$2:29 hrs$2:23 hrs$2:31 hrs$2:39 hrs$2:48 hrs$2:53 hrs$3:05 hrs$3:12 hrs$2:09 hrs$2:11 hrs$2:20 hrs$2:15 hrs$2:36 hrs$1:45 hrs$1:46 hrs$ 
12282,BBS DURONTO EXP,$ $2:09 hrs$6:03 hrs$6:25 hrs,$1:10 hrs$2:11 hrs$6:08 hrs$ 
12281,BBS DURONTO EXP,$ $0$0$5 min$1:18 hrs$2:38 hrs,$3 min$2 min$0$4 min$1:26 hrs$ 
12894,BBS EXPRESS,$ $8 min$10 min$24 min$24 min$18 min$20 min$21 min$19 min$7 min$9 min$13 min$19 min$9 min$24 min$10 min,$4 min$8 min$18 min$27 min$24 min$15 min$22 min$21 min$20 min$8 min$11 min$14 min$19 min$9 min$24 min$ 
12831,BBS GARIB RATH,$ $0$0$0$0$0$0$20 min$0$4 min$14 min$0$0,$2 min$0$2 min$0$0$2 min$0$18 min$2 min$5 min$14 min$0$ 
12074,BBS JAN SHATABDI,$ $1 min$12 min$0$1 min$2 min$9 min$1 min$0,$2 min$1 min$11 min$0$3 min$2 min$9 min$0$ 
12073,BBS JAN SHATABD,$ $16 min$5 min$25 min$35 min$17 min$22 min$37 min$18 min,$0$22 min$25 min$23 min$47 min$24 min$22 min$37 min$ 
12880,BBS LTT SF EXP,$ $1:06 hrs$2:36 hrs$1:24 hrs$1:03 hrs$53 min$0$1:14 hrs$1:25 hrs$1:39 hrs$1:22 hrs$1:31 hrs$1:30 hrs$52 min$1:02 hrs$1:36 hrs$1:40 hrs$1:36 hrs$1:14 hrs$1 hrs,$1:01 hrs$1:06 hrs$1:24 hrs$2:40 hrs$1:10 hrs$1:01 hrs$1 min$1:14 hrs$2:43 hrs$1:39 hrs$1:32 hrs$1:28 hrs$1:29 hrs$1:03 hrs$1:05 hrs$1:42 hrs$1:40 hrs$1:35 hrs$1:15 hrs$ 
22805,BBS ANVT SUP EXP,$ $24 min$32 min$5 min$0$0$0$0$0$0$0$0$14 min$58 min$2:54 hrs$3:07 hrs,$8 min$26 min$36 min$5 min$0$0$0$0$2 min$3 min$2 min$0$14 min$1:03 hrs$3:07 hrs$ 
12898,BBS PDY EXPRESS,$ $0$0$0$0$5 min$3 min$10 min$1:07 hrs$8 min$21 min$45 min$8 min$11 min$3 min$0$0,$0$3 min$0$0$0$6 min$3 min$12 min$1:08 hrs$13 min$22 min$47 min$10 min$9 min$4 min$4 min$ 
22882,BBS PUNE EXP,$ $0$7 min$11 min$0$21 min$9 min,$2 min$10 min$7 min$5 min$0$20 min$ 
22811,BBS RAJDHANI EXP,$ $0$2 min$0$17 min$24 min$12 min$12 min$0$18 min$0$22 min$1:04 hrs$1:05 hrs,$1 min$1 min$2 min$1 min$17 min$25 min$12 min$12 min$15 min$21 min$3 min$23 min$1:09 hrs$ 
22823,BBS RAJDHANI EXP,$ $1 min$0$8 min$12 min$2 min$9 min$0$0$1 min$0$4 min$1:15 hrs$1:28 hrs,$1 min$4 min$0$8 min$10 min$4 min$8 min$0$0$17 min$1 min$3 min$1:22 hrs$ 
18496,BBS RMM EXPRESS,$ $1:50 hrs$1:48 hrs$3:02 hrs$2:50 hrs$2:55 hrs$2:34 hrs$3:22 hrs$2:42 hrs$2:19 hrs$3:02 hrs$3:03 hrs$3:01 hrs$3:07 hrs$3:18 hrs$2:20 hrs$2:37 hrs$2:22 hrs$2:39 hrs$2:21 hrs$2:36 hrs$3:29 hrs$2 hrs,$1:32 hrs$1:50 hrs$1:45 hrs$3:02 hrs$3:01 hrs$2:55 hrs$2:36 hrs$3:24 hrs$2:53 hrs$2:43 hrs$3:01 hrs$3:03 hrs$3:01 hrs$3:07 hrs$3:18 hrs$3 day 1:55 hrs$2:38 hrs$2:45 hrs$2:39 hrs$2:19 hrs$3:26 hrs$3:30 hrs$ 
22871,BBS TPTY EXPRESS,$ $1:40 hrs$2:24 hrs$2:22 hrs$2:19 hrs$2:18 hrs$2:17 hrs$2:06 hrs$2:13 hrs$2:12 hrs$2:25 hrs$2:29 hrs$2:43 hrs$3:03 hrs$1:45 hrs$1:24 hrs$1:05 hrs$42 min,$54 min$2:21 hrs$2:24 hrs$2:23 hrs$2:19 hrs$2:19 hrs$2:18 hrs$2:07 hrs$2:13 hrs$2:12 hrs$2:20 hrs$2:30 hrs$2:48 hrs$3:04 hrs$1:45 hrs$1:25 hrs$1:07 hrs$ 
22879,BBS TPTY SUP EXP,$ $1 min$29 min$18 min$9 min$6 min$0$17 min$25 min$20 min$31 min$52 min$1:15 hrs$1:19 hrs$17 min$53 min$0$0$0,$3 min$10 min$29 min$15 min$8 min$5 min$0$17 min$25 min$13 min$36 min$53 min$1:15 hrs$1:20 hrs$19 min$54 min$3 min$1 min$ 
12845,BBS BNC SUP EXP,$ $6 min$5 min$16 min$0$41 min$46 min$42 min$1:54 hrs$2:10 hrs$2:12 hrs$2:13 hrs$1:51 hrs$2:05 hrs$2:08 hrs$1:43 hrs$1:21 hrs$1:36 hrs$1:35 hrs$35 min,$1 min$4 min$5 min$14 min$0$42 min$46 min$1:28 hrs$1:55 hrs$2:10 hrs$2:41 hrs$2:15 hrs$2 hrs$2:09 hrs$2:10 hrs$1:44 hrs$1:22 hrs$1:35 hrs$1:35 hrs$ 
12932,MMCT DOUBLEDECKE,$ $0$0$0$6 min$1 min$7 min$9 min$12 min$8 min$0,$1 min$1 min$0$0$6 min$1 min$7 min$9 min$12 min$8 min$ 
22210,MMCT DURONTO,$ $16 min$0$7 min$8 min,$0$12 min$0$13 min$ 
12268,MMCT DURONTO EXP,$ $18 min$0$3 min,$0$14 min$3 min$ 
12955,MMCT JP SF EXP,$ $9 min$0$0$2 min$0$0$4 min$0$0$6 min$6 min$5 min$9 min$9 min$10 min$0$0$11 min$0,$5 min$9 min$1 min$0$2 min$1 min$3 min$4 min$0$0$6 min$5 min$7 min$10 min$10 min$9 min$8 min$9 min$11 min$ 
22913,SHC HUMSAFAR,$ $3 min$4 min$0$0$0$0$3 min$0$5 min$41 min$1:39 hrs$1:17 hrs$1:18 hrs$33 min,$0$4 min$5 min$40 min$10 min$5 min$1 min$5 min$5 min$9 min$1 hrs$1:40 hrs$1:17 hrs$1:18 hrs$ 
14209,PYG LKO INTRCTY,$ $0$20 min$21 min$25 min$28 min$36 min$37 min$13 min,$0$7 min$21 min$22 min$27 min$30 min$38 min$37 min$ 
22904,BDTS AC S F EXP,$ $0$3 min$24 min$0$0$0$5 min$0,$1 min$5 min$3 min$24 min$1 min$0$0$7 min$ 
12995,BDTS AII UDZ EX,$ $1 min$7 min$0$0$0$1 min$14 min$10 min$5 min$0$9 min$1 min$0$0$4 min$12 min$5 min$16 min$8 min,$0$4 min$7 min$1 min$1 min$0$3 min$14 min$9 min$6 min$3 min$9 min$4 min$1 min$0$0$15 min$5 min$15 min$ 
19115,DDR BHUJ EXP,$ $5 min$6 min$6 min$6 min$10 min$14 min$11 min$9 min$11 min$11 min$8 min$9 min$12 min$7 min$20 min$19 min$6 min$15 min$29 min$29 min$38 min$20 min$21 min$16 min$20 min$20 min$0,$0$6 min$6 min$7 min$8 min$10 min$15 min$10 min$8 min$13 min$11 min$12 min$11 min$18 min$11 min$20 min$19 min$14 min$15 min$29 min$29 min$39 min$20 min$21 min$12 min$19 min$20 min$ 
22474,BDTS BKN SUP EXP,$ $46 min$29 min$43 min$38 min$1:06 hrs$1:29 hrs$1:42 hrs$1:39 hrs$1:45 hrs$2:12 hrs$2:15 hrs$2:26 hrs$1:31 hrs$1:45 hrs$1:11 hrs$1:11 hrs$1:36 hrs$2:11 hrs$2:07 hrs$2:13 hrs,$43 min$45 min$35 min$43 min$47 min$1:07 hrs$1:39 hrs$1:43 hrs$1:39 hrs$1:36 hrs$2:14 hrs$2:18 hrs$2:26 hrs$1:31 hrs$1:45 hrs$1:10 hrs$1:31 hrs$1:37 hrs$2:13 hrs$2:04 hrs$ 
19203,GNC BVC EXPRESS,$ $1 min$0$24 min$24 min$19 min$18 min$3 min,$1 min$3 min$1 min$26 min$21 min$20 min$18 min$ 
12910,BDTS GARIB RATH,$ $1 min$9 min$5 min$11 min$0$0$0$19 min$3 min,$1 min$3 min$12 min$9 min$12 min$1 min$0$0$15 min$ 
22915,BDTS HSR SF EXP,$ $6 min$0$0$0$2 min$15 min$18 min$4 min$15 min$23 min$32 min$3 min$13 min$12 min$10 min$0$0$0$4 min$12 min$34 min$28 min$29 min$29 min$0$0$5 min$0,$0$7 min$3 min$1 min$0$0$16 min$18 min$9 min$17 min$42 min$32 min$3 min$13 min$12 min$10 min$0$0$0$6 min$14 min$34 min$28 min$29 min$29 min$1 min$1 min$4 min$ 
11104,BDTS JHANSI EXP,$ $3 min$0$0$2 min$5 min$7 min$9 min$0$0$0$0$0$0$30 min$1 min$1 min$0$0$14 min$20 min$0,$1 min$3 min$4 min$0$1 min$2 min$7 min$9 min$7 min$1 min$0$0$3 min$2 min$31 min$1 min$25 min$0$0$15 min$21 min$ 
22933,BDTS JP SF EXP,$ $1 min$0$0$16 min$18 min$17 min$0$3 min$2 min$6 min$2 min$9 min$10 min,$0$5 min$2 min$0$16 min$16 min$17 min$0$3 min$2 min$9 min$3 min$9 min$ 
22931,BDTS JSM EXP,$ $17 min$4 min$1 min$0$18 min$17 min$26 min$28 min$21 min$32 min$51 min$1:06 hrs$4 min$5 min$23 min$22 min$21 min$2 min$1 min$30 min$54 min$1:11 hrs$1:15 hrs$1:17 hrs$1:10 hrs$1:06 hrs$10 min,$1 min$18 min$4 min$4 min$0$18 min$20 min$26 min$28 min$7 min$35 min$50 min$1:05 hrs$3 min$11 min$23 min$21 min$20 min$1 min$1 min$31 min$1:07 hrs$1:11 hrs$1:14 hrs$1:15 hrs$1:09 hrs$1:05 hrs$ 
22444,BDTS KANPUR EXP,$ $1 min$0$1 min$0$8 min$22 min$12 min$10 min$11 min$0$0$0$0$1 min$5 min$13 min$9 min$2 min$0$10 min,$1 min$2 min$1 min$1 min$5 min$14 min$22 min$15 min$10 min$14 min$1 min$19 min$0$0$0$5 min$14 min$9 min$2 min$0$ 
19021,BDTS LJN EXPRESS,$ $2 min$2 min$0$0$2 min$0$0$11 min$0$18 min$3 min$36 min$46 min$33 min$50 min$48 min$47 min$2:17 hrs$2:30 hrs$1:54 hrs$1:42 hrs,$2 min$4 min$2 min$1 min$1 min$2 min$4 min$0$12 min$10 min$19 min$8 min$1:03 hrs$44 min$41 min$52 min$48 min$53 min$2:17 hrs$2:32 hrs$1:44 hrs$ 
12247,BDTS NZM YUVA E,$ $0$7 min$0$15 min$0$0,$0$0$7 min$0$19 min$2 min$ 
22935,BDTS PIT SF EXP,$ $11 min$0$0$2 min$8 min$4 min$0$2 min$0$0,$0$11 min$12 min$0$5 min$13 min$4 min$1 min$2 min$4 min$ 
12907,BDTS SMPRK K EX,$ $2 min$0$0$0,$1 min$4 min$9 min$1 min$ 
12935,BDTS SURAT EXP,$ $4 min$11 min$6 min$9 min$4 min$6 min$6 min$8 min$3 min,$1 min$6 min$11 min$6 min$9 min$6 min$7 min$6 min$8 min$ 
14321,BE BHUJ EXP,$ $12 min$17 min$13 min$42 min$41 min$36 min$41 min$10 min$38 min$51 min$51 min$51 min$51 min$54 min$1 hrs$51 min$1:03 hrs$1:04 hrs$1:04 hrs$1:07 hrs$1:21 hrs$1:21 hrs$1:25 hrs$1:29 hrs$1:31 hrs$1:23 hrs$1:26 hrs$1:30 hrs$1:59 hrs$1:33 hrs$1:35 hrs$1:42 hrs$1:54 hrs$1:05 hrs$55 min$1:15 hrs$1:16 hrs$1:18 hrs$1:51 hrs$1:35 hrs$1:14 hrs$1:19 hrs$1:15 hrs$1:14 hrs$1:17 hrs$57 min,$0$13 min$18 min$13 min$43 min$42 min$41 min$41 min$36 min$43 min$52 min$51 min$57 min$52 min$56 min$59 min$52 min$1:03 hrs$1:05 hrs$1:06 hrs$1:12 hrs$1:24 hrs$1:20 hrs$1:25 hrs$1:29 hrs$1:31 hrs$1:26 hrs$1:27 hrs$1:48 hrs$1:58 hrs$1:31 hrs$1:35 hrs$1:43 hrs$1:54 hrs$1:18 hrs$1:06 hrs$1:15 hrs$1:17 hrs$1:18 hrs$2:36 hrs$1:35 hrs$1:16 hrs$1:19 hrs$1:09 hrs$1:14 hrs$1:17 hrs$ 
14236,BE BSB EXPRESS,$ $48 min$51 min$52 min$1:03 hrs$1:26 hrs$1:28 hrs$1:28 hrs$1:10 hrs$1:29 hrs$1:54 hrs$2:05 hrs$2:19 hrs$2:28 hrs$2:25 hrs$2:36 hrs$2:39 hrs$2:34 hrs$2:32 hrs$2:32 hrs$1:45 hrs$2:38 hrs$2:38 hrs$2:42 hrs$2:47 hrs$2:50 hrs$2:55 hrs$2:56 hrs$1:09 hrs$1:16 hrs$1:51 hrs$1:54 hrs$1:59 hrs$2:08 hrs$2:27 hrs$2:09 hrs$2:12 hrs$2:08 hrs$2:15 hrs$2:17 hrs$2:15 hrs$2:13 hrs$2:01 hrs$2:11 hrs$2 hrs,$1:03 hrs$49 min$51 min$58 min$1:23 hrs$1:26 hrs$1:28 hrs$1:29 hrs$1:24 hrs$1:35 hrs$2:03 hrs$2:17 hrs$2:25 hrs$2:28 hrs$2:37 hrs$2:36 hrs$2:36 hrs$2:33 hrs$2:33 hrs$2:40 hrs$1:45 hrs$2:38 hrs$2:40 hrs$2:46 hrs$2:48 hrs$3:10 hrs$2:56 hrs$2:58 hrs$21 min$1:22 hrs$1:53 hrs$1:55 hrs$2 hrs$2:13 hrs$2:23 hrs$2:10 hrs$2:14 hrs$2:12 hrs$2:18 hrs$2:17 hrs$2:15 hrs$2:24 hrs$2:10 hrs$2:11 hrs$ 
54077,BE DLI PSNGR,$ $24 min$36 min$51 min$55 min$53 min$52 min$48 min$41 min$45 min$47 min$46 min$51 min$53 min$46 min,$11 min$33 min$46 min$52 min$55 min$53 min$52 min$51 min$43 min$47 min$47 min$47 min$57 min$56 min$ 
14320,BE INDB EXPRESS,$ $2 min$18 min$26 min$0$23 min$1 min$0$7 min$21 min$30 min$1:02 hrs$1 hrs$1:14 hrs$1:05 hrs$0,$0$18 min$20 min$26 min$3 min$4 min$19 min$4 min$6 min$24 min$30 min$1:04 hrs$1:01 hrs$1:14 hrs$1:05 hrs$ 
14308,BE LKO ALD PASS,$ $8 min$16 min$34 min$36 min$42 min$55 min$1:04 hrs$50 min$12 min$55 min$1:06 hrs$1:14 hrs$1:16 hrs$1:18 hrs$1:20 hrs$1:21 hrs$1:25 hrs$1:26 hrs$1:33 hrs$1:13 hrs$1:13 hrs$1:20 hrs$1:27 hrs$1:43 hrs$1:59 hrs$2:09 hrs$2:11 hrs$2:18 hrs$2:19 hrs$2:21 hrs$2:19 hrs$1:59 hrs$2:09 hrs$2:14 hrs$2:15 hrs$2:01 hrs$1:48 hrs$1:10 hrs,$0$8 min$30 min$53 min$40 min$45 min$58 min$1:01 hrs$59 min$48 min$1:01 hrs$1:11 hrs$1:14 hrs$1:16 hrs$1:18 hrs$1:20 hrs$1:23 hrs$1:25 hrs$1:31 hrs$1:36 hrs$1:14 hrs$1:19 hrs$1:27 hrs$1:40 hrs$1:56 hrs$2:01 hrs$2:09 hrs$2:19 hrs$2:18 hrs$2:33 hrs$2:21 hrs$2:22 hrs$1:57 hrs$2:12 hrs$2:18 hrs$2:15 hrs$2:30 hrs$1:48 hrs$ 
14314,BE LTT EXPRESS,$ $10 min$10 min$0$4 min$0$0$0$0$19 min$17 min$33 min$1:13 hrs$31 min$31 min$32 min$6 min$7 min$0$0$0$14 min$2:02 hrs$1:51 hrs$1:18 hrs$1:22 hrs,$0$15 min$10 min$3 min$6 min$3 min$0$2 min$30 min$25 min$17 min$34 min$1:11 hrs$32 min$32 min$32 min$9 min$7 min$0$0$5 min$17 min$2:11 hrs$1:50 hrs$1:18 hrs$ 
12237,BEGAMPURA EXP,$ $44 min$45 min$47 min$11 min$30 min$17 min$14 min$19 min$17 min$22 min$12 min$35 min$14 min,$0$45 min$46 min$49 min$20 min$31 min$23 min$19 min$24 min$32 min$26 min$16 min$36 min$ 
12238,BEGAMPURA EXP,$ $5 min$16 min$0$7 min$9 min$4 min$1 min$43 min$32 min$53 min$50 min$50 min$16 min,$0$18 min$16 min$6 min$7 min$9 min$5 min$18 min$46 min$47 min$54 min$50 min$52 min$ 
18203,BETWA EXPRESS,$ $6 min$11 min$12 min$0$7 min$11 min$10 min$19 min$22 min$10 min$22 min$22 min$18 min$24 min$11 min$16 min$15 min$20 min$15 min,$1 min$4 min$8 min$13 min$0$7 min$11 min$10 min$18 min$23 min$19 min$22 min$24 min$20 min$26 min$12 min$16 min$16 min$20 min$ 
18204,BETWA EXPRESS,$ $28 min$37 min$43 min$29 min$29 min$38 min$28 min$38 min$0$0$0$0$0$0$11 min$16 min$10 min$0,$4 min$28 min$37 min$43 min$32 min$30 min$39 min$35 min$38 min$0$0$0$1 min$0$0$11 min$16 min$24 min$ 
14803,BGKT ADI EXPRESS,$ $13 min$22 min$27 min$36 min$33 min$34 min$30 min$32 min$31 min$0$3 min$10 min$15 min$17 min$22 min$0,$4 min$14 min$28 min$27 min$36 min$33 min$34 min$30 min$32 min$31 min$3 min$3 min$11 min$15 min$21 min$25 min$ 
16863,BGKT MQ EXPRESS,,
16533,JU SBC EXPRESS,$ $1:30 hrs$1:30 hrs$1:19 hrs$1:06 hrs$1:03 hrs$30 min$6 min$0$0$0$30 min$0$0$0$31 min$21 min$0$47 min$25 min$30 min$50 min$5 min$26 min$28 min$8 min$32 min$8 min$0,$1:29 hrs$1:32 hrs$1:30 hrs$1:20 hrs$56 min$1 hrs$34 min$10 min$0$0$1 min$28 min$1 min$2 min$5 min$31 min$22 min$3 min$47 min$30 min$28 min$49 min$5 min$30 min$35 min$10 min$32 min$5 min$ 
16507,JU SBC EXP,$ $3 min$1 min$0$0$2 min$5 min$20 min$0$12 min$18 min$0$11 min$6 min$12 min$0$7 min$10 min$38 min$0$10 min$0$56 min$58 min$35 min$0$36 min$38 min$1:08 hrs$58 min$30 min$1:31 hrs$1:38 hrs$1:48 hrs$1:54 hrs$1:50 hrs$1:25 hrs$1:28 hrs$45 min$28 min,$2 min$5 min$4 min$0$2 min$2 min$5 min$30 min$0$12 min$18 min$2 min$11 min$6 min$12 min$0$7 min$15 min$37 min$1 min$15 min$10 min$57 min$57 min$35 min$5 min$50 min$59 min$1:07 hrs$57 min$37 min$1:39 hrs$1:48 hrs$1:49 hrs$1:58 hrs$1:50 hrs$1:32 hrs$1:29 hrs$42 min$ 
18574,BGKT VSKP EXP,$ $3 min$9 min$24 min$0$4 min$19 min$10 min$0$0$0$0$11 min$0$22 min$52 min$3 min$0$0$5 min$0$3 min$0$0$0$0$9 min$7 min$26 min$30 min$30 min$15 min,$7 min$12 min$9 min$23 min$14 min$13 min$19 min$10 min$4 min$9 min$2 min$1 min$12 min$1 min$26 min$54 min$8 min$0$0$5 min$0$3 min$0$1 min$0$5 min$9 min$7 min$30 min$30 min$30 min$ 
11089,BGKTPUNE EXPRESS,$ $0$0$14 min$14 min$0$43 min$38 min$0$0$0$4 min$0$2 min$0$7 min$3 min$0$1 min$0$0$0$0,$2 min$1 min$2 min$14 min$20 min$0$43 min$42 min$1 min$0$0$4 min$0$2 min$5 min$7 min$3 min$2 min$1 min$1 min$0$0$ 
13423,BGP AII EXPRESS,$ $3 min$0$12 min$0$0$40 min$1:05 hrs$1:31 hrs$1:52 hrs$2:02 hrs$1:36 hrs$1:31 hrs$34 min$7 min$26 min$18 min$12 min$5 min,$2 min$4 min$5 min$12 min$6 min$0$47 min$1:11 hrs$1:33 hrs$1:55 hrs$2:08 hrs$1:36 hrs$1:41 hrs$56 min$4 min$27 min$18 min$12 min$ 
22405,BGP  GARIB RATH,$ $2:22 hrs$2:44 hrs$2:39 hrs$2:09 hrs$1:35 hrs$1:35 hrs$2:04 hrs$1:41 hrs$56 min$1:21 hrs$1:25 hrs$1:24 hrs$1:34 hrs$1:30 hrs$2:05 hrs$2:47 hrs$3:18 hrs$4:15 hrs$4:53 hrs$4:33 hrs,$1:52 hrs$2:31 hrs$2:41 hrs$2:42 hrs$1:57 hrs$1:38 hrs$1:37 hrs$2:04 hrs$1:40 hrs$56 min$1:20 hrs$1:25 hrs$1:24 hrs$1:34 hrs$1:32 hrs$2:16 hrs$2:48 hrs$3:23 hrs$4:23 hrs$4:55 hrs$ 
12335,BGP LTT EXPRESS,$ $6 min$6 min$5 min$19 min$21 min$42 min$0$27 min$30 min$35 min$36 min$46 min$52 min$40 min$48 min$1:04 hrs$1 hrs$1:02 hrs$1:02 hrs$1:04 hrs$23 min$49 min$1:26 hrs$2:49 hrs$3 hrs$3:07 hrs$2:25 hrs$1:43 hrs$1:53 hrs$1:29 hrs$1:26 hrs$1:19 hrs$3:18 hrs$1:52 hrs$1:32 hrs$1:48 hrs$10 min,$2 min$8 min$6 min$9 min$21 min$22 min$40 min$38 min$27 min$31 min$36 min$36 min$50 min$51 min$41 min$48 min$1:02 hrs$57 min$1:02 hrs$1 hrs$1:03 hrs$22 min$52 min$1:33 hrs$2:56 hrs$3:03 hrs$3:07 hrs$2:28 hrs$1:45 hrs$1:55 hrs$1:32 hrs$1:26 hrs$1:29 hrs$3:29 hrs$2:06 hrs$1:41 hrs$1:48 hrs$ 
12349,BGP NDLS EXP,$ $6 min$8 min$13 min$0$0$6 min$4 min$0$46 min$1:32 hrs$4:56 hrs,$0$6 min$12 min$13 min$0$0$6 min$4 min$1 min$49 min$1:43 hrs$ 
18604,BGP RNC EXPRESS,$ $11 min$8 min$11 min$10 min$17 min$14 min$3 min$17 min$0$19 min$17 min$13 min$12 min$0$0$5 min$2 min$0$0$0,$0$11 min$8 min$8 min$10 min$18 min$14 min$12 min$17 min$1 min$19 min$14 min$13 min$16 min$0$0$4 min$2 min$0$0$ 
12891,BGY  BBS EXPRESS,$ $11 min$9 min$2 min$1 min$1:05 hrs$12 min$21 min$14 min$20 min,$1 min$12 min$20 min$2 min$0$1:06 hrs$18 min$20 min$13 min$ 
12336,BHAGALPUR EXP,$ $14 min$4 min$3 min$8 min$4 min$19 min$0$5 min$1 min$13 min$51 min$1:25 hrs$1:39 hrs$2:03 hrs$2:03 hrs$2:05 hrs$1:56 hrs$2:02 hrs$2:08 hrs$2:08 hrs$3:09 hrs$3 hrs$3:02 hrs$3:03 hrs$3:02 hrs$4:27 hrs$4:18 hrs$4:10 hrs$3:52 hrs$3:38 hrs$3:36 hrs$3:36 hrs$3:24 hrs$3:49 hrs$3:43 hrs,$0$14 min$7 min$5 min$7 min$18 min$20 min$1 min$7 min$3 min$14 min$56 min$1:38 hrs$1:40 hrs$2:08 hrs$2:01 hrs$2:01 hrs$1:56 hrs$2:04 hrs$2:07 hrs$2:17 hrs$3:14 hrs$2:59 hrs$3:02 hrs$3:02 hrs$4:11 hrs$4:27 hrs$4:15 hrs$4:09 hrs$3:53 hrs$3:33 hrs$3:36 hrs$3:36 hrs$3:36 hrs$3:49 hrs$ 
13104,BHAGIRATHI EXP,$ $8 min$8 min$9 min$9 min$5 min$5 min$3 min$4 min$5 min$7 min$0$6 min$0,$6 min$8 min$8 min$9 min$9 min$6 min$5 min$3 min$4 min$6 min$8 min$7 min$5 min$ 
13103,BHAGIRATHI EXP,$ $1 min$4 min$10 min$11 min$15 min$7:43 hrs$9 min$4 min$3 min$3 min$4 min$4 min$0,$0$3 min$3 min$10 min$12 min$6 min$6 min$9 min$3 min$4 min$3 min$3 min$4 min$ 
17234,BHAGYANAGAR EXP,$ $0$11 min$14 min$30 min$24 min$9 min$24 min$28 min$31 min$37 min$38 min$50 min$42 min$48 min$51 min$48 min$53 min$1:06 hrs$1:11 hrs$1:10 hrs$1:20 hrs$1:07 hrs$1:16 hrs$1:14 hrs$1:20 hrs$1:22 hrs$1:28 hrs$1:33 hrs$1:30 hrs,$1 min$4 min$14 min$23 min$33 min$25 min$14 min$30 min$31 min$31 min$38 min$43 min$51 min$44 min$53 min$53 min$48 min$57 min$1:06 hrs$1:11 hrs$1:16 hrs$1:25 hrs$1:17 hrs$1:16 hrs$1:14 hrs$1:20 hrs$1:23 hrs$1:28 hrs$1:33 hrs$ 
17233,BHAGYANAGAR EXP,$ $17 min$20 min$26 min$22 min$23 min$28 min$31 min$18 min$35 min$36 min$40 min$47 min$41 min$38 min$1:01 hrs$51 min$52 min$1 hrs$59 min$1 hrs$1 hrs$1:04 hrs$1:06 hrs$1:18 hrs$1:23 hrs$1:15 hrs$1:33 hrs$1 hrs$20 min$0,$3 min$16 min$21 min$27 min$22 min$23 min$28 min$31 min$23 min$35 min$40 min$47 min$47 min$44 min$47 min$55 min$51 min$53 min$55 min$1:01 hrs$1:02 hrs$1:02 hrs$1:06 hrs$1:26 hrs$1:19 hrs$1:26 hrs$1:15 hrs$1:34 hrs$1:05 hrs$22 min$ 
12971,BHAVNAGAR EXP,$ $1 min$5 min$1 min$1 min$8 min$1 min$5 min$16 min$15 min$3 min$1 min$22 min$26 min$28 min$34 min$35 min$34 min$33 min$19 min,$0$1 min$9 min$4 min$3 min$8 min$2 min$7 min$17 min$15 min$8 min$3 min$22 min$26 min$31 min$34 min$36 min$35 min$39 min$ 
59208,BHAVNAGAR PASS,$ $54 min$1:01 hrs$58 min$1:06 hrs$54 min$57 min$59 min$57 min$1:01 hrs$56 min$1:03 hrs$1:02 hrs$1:09 hrs$1:10 hrs$1:16 hrs$1:19 hrs$1:16 hrs$1:11 hrs$1:05 hrs$1:07 hrs$1:12 hrs$1:10 hrs$1:22 hrs$1:26 hrs$1:31 hrs$1:23 hrs$1:43 hrs$1:48 hrs$1:50 hrs$1:47 hrs$1:37 hrs$55 min$1:01 hrs$1:03 hrs$1:03 hrs$1:03 hrs$1:07 hrs$1:15 hrs$1:18 hrs$1:19 hrs$1:22 hrs$1:24 hrs$1:26 hrs$1:08 hrs$1:09 hrs$1:11 hrs$1:12 hrs$1:12 hrs$47 min$47 min,$44 min$1:01 hrs$1:01 hrs$1 hrs$1:06 hrs$1:04 hrs$57 min$1 hrs$1:03 hrs$1:02 hrs$57 min$1:04 hrs$1:07 hrs$1:15 hrs$1:14 hrs$1:19 hrs$1:20 hrs$1:17 hrs$1:15 hrs$1:10 hrs$1:11 hrs$1:15 hrs$1:18 hrs$1:25 hrs$1:26 hrs$1:52 hrs$1:30 hrs$1:48 hrs$1:54 hrs$1:52 hrs$1:47 hrs$1:41 hrs$43 min$1:01 hrs$50 min$1:03 hrs$1:06 hrs$1:12 hrs$1:15 hrs$1:18 hrs$1:21 hrs$1:23 hrs$1:26 hrs$1:05 hrs$1:09 hrs$1:10 hrs$1:13 hrs$1:01 hrs$1:12 hrs$52 min$ 
12155,BHOPAL  EXPRESS,$ $10 min$14 min$10 min$1 min$12 min$27 min$30 min$35 min$4 min,$3 min$11 min$16 min$12 min$7 min$14 min$26 min$30 min$38 min$ 
12156,BHOPAL  EXPRESS,$ $4 min$11 min$7 min$25 min$26 min$36 min$40 min$47 min$34 min,$0$9 min$11 min$9 min$24 min$30 min$37 min$40 min$51 min$ 
12002,BHOPAL SHTBDI,$ $7 min$7 min$2 min$5 min$7 min$2 min$6 min$12 min$2 min,$1 min$7 min$7 min$3 min$5 min$5 min$3 min$6 min$15 min$ 
13015,KABIGURU EXPRESS,$ $10 min$20 min$21 min$22 min$21 min$27 min$12 min$10 min$20 min$0$2 min$2 min$7 min$14 min$0,$6 min$11 min$21 min$22 min$26 min$20 min$21 min$11 min$9 min$19 min$6 min$7 min$11 min$9 min$19 min$ 
12846,BHUBANESHWAR EXP,$ $0$0$0$0$0$10 min$7 min$0$21 min$3 min$0$15 min$0$2 min$1 min$0$0$0$0,$0$0$0$2 min$0$1 min$12 min$10 min$17 min$22 min$0$12 min$16 min$1 min$1 min$1 min$1 min$0$0$ 
12829,BHUBANESWAR EXP,$ $8 min$2 min$4 min$5 min$12 min$20 min$0$33 min$33 min$31 min$56 min$42 min$0$0$0$0$0$0,$4 min$8 min$3 min$6 min$7 min$12 min$20 min$12 min$34 min$33 min$33 min$57 min$43 min$3 min$0$2 min$0$1 min$ 
18495,BHUBANESWAR EXP,$ $10 min$18 min$12 min$19 min$16 min$5 min$50 min$1:07 hrs$1:14 hrs$1:23 hrs$1:26 hrs$1:26 hrs$19 min$10 min$5 min$15 min$0$3 min$0$3 min$0$0,$0$9 min$19 min$20 min$19 min$17 min$30 min$49 min$1:09 hrs$1:25 hrs$1:23 hrs$1:25 hrs$1:26 hrs$25 min$4 min$6 min$17 min$2 min$2 min$10 min$2 min$0$ 
22903,BHUJ AC S F EXP,$ $4 min$0$5 min$2 min$9 min$13 min$13 min$5 min,$0$5 min$0$4 min$6 min$9 min$13 min$7 min$ 
19116,BHUJ DDR EXP,$ $4 min$4 min$1 min$10 min$6 min$18 min$28 min$34 min$9 min$2 min$5 min$1 min$0$5 min$9 min$10 min$8 min$7 min$9 min$2 min$11 min$17 min$12 min$19 min$19 min$16 min$11 min,$0$5 min$4 min$4 min$10 min$6 min$19 min$28 min$35 min$10 min$6 min$5 min$2 min$2 min$6 min$9 min$10 min$8 min$8 min$9 min$5 min$11 min$17 min$13 min$19 min$19 min$16 min$ 
12960,BHUJ DADAR EXP,$ $0$6 min$3 min$11 min$13 min$23 min$29 min$39 min$38 min$13 min$32 min$13 min$1 min$0$1 min$0$0$0$0,$3 min$1 min$6 min$2 min$13 min$13 min$23 min$29 min$39 min$38 min$22 min$34 min$13 min$3 min$1 min$4 min$0$4 min$3 min$ 
11091,BHUJ PUNE EXP,$ $3 min$3 min$0$12 min$7 min$26 min$41 min$28 min$18 min$0$0$0$7 min$0$0$0$0$0$1 min$1 min$5 min$0,$1 min$3 min$3 min$3 min$12 min$7 min$27 min$45 min$29 min$0$0$0$0$7 min$1 min$1 min$3 min$1 min$0$2 min$6 min$5 min$ 
22829,BHUJ SHM EXP,$ $3 min$0$13 min$4 min$39 min$4 min$0$0$0$0$27 min$28 min$1:02 hrs$25 min,$1 min$3 min$2 min$13 min$4 min$42 min$0$0$0$0$0$28 min$26 min$1:03 hrs$ 
59077,BHUSAVAL PASS,$ $8 min$12 min$10 min$13 min$14 min$14 min$17 min$19 min$20 min$21 min$21 min$6 min$7 min$9 min$12 min$14 min$28 min$30 min$21 min$18 min$21 min$14 min$9 min$0$16 min$17 min,$0$8 min$12 min$11 min$12 min$16 min$19 min$22 min$19 min$20 min$22 min$21 min$9 min$8 min$12 min$12 min$20 min$28 min$31 min$21 min$17 min$21 min$13 min$9 min$14 min$20 min$ 
59013,BHUSAVAL PASS,,
59075,BHUSAVAL PASS,$ $5 min$11 min$10 min$10 min$10 min$13 min$0$13 min$14 min$34 min$34 min$21 min$26 min$33 min$36 min$32 min$49 min$0$23 min$22 min$25 min$26 min$26 min$27 min$25 min$24 min$23 min$18 min$14 min$13 min$9 min$8 min$12 min$37 min$56 min$1:05 hrs,$0$11 min$10 min$11 min$10 min$13 min$14 min$17 min$13 min$32 min$36 min$37 min$27 min$29 min$35 min$36 min$38 min$52 min$23 min$21 min$22 min$27 min$26 min$26 min$26 min$25 min$24 min$22 min$18 min$15 min$12 min$9 min$9 min$9 min$57 min$1:04 hrs$ 
11076,BIDR LTT EXP,$ $37 min$0$0$0$4 min$10 min$40 min$0,$29 min$37 min$0$0$0$31 min$15 min$40 min$ 
16572,BIDR YPR EXP,,
12566,BIHAR S KRANTI,$ $4 min$41 min$1:09 hrs$1:14 hrs$1:23 hrs$1:30 hrs$1:40 hrs$2:17 hrs$2:25 hrs$2:35 hrs$2:22 hrs$2:14 hrs,$0$13 min$44 min$1:11 hrs$1:14 hrs$1:23 hrs$1:35 hrs$1:44 hrs$2:19 hrs$2:25 hrs$2:35 hrs$2:22 hrs$ 
12565,BIHAR S KRANTI,$ $0$21 min$17 min$23 min$48 min$47 min$53 min$48 min$0$26 min$43 min$1:05 hrs,$0$2 min$24 min$19 min$24 min$48 min$47 min$53 min$44 min$0$35 min$54 min$ 
22476,CBE HSR AC EXP,$ $13 min$8 min$35 min$25 min$55 min$47 min$54 min$1:39 hrs$1:36 hrs$25 min$31 min$25 min$48 min$1:09 hrs$1:26 hrs$1:54 hrs$1:58 hrs$1:47 hrs$1:21 hrs$1:17 hrs$1:26 hrs$1:42 hrs$1:14 hrs$1:15 hrs$1:12 hrs$1:21 hrs$1:59 hrs$2:20 hrs$2:23 hrs$1:10 hrs$1:23 hrs$1:26 hrs$1:33 hrs$1:41 hrs$1:42 hrs$1:05 hrs,$3 min$13 min$20 min$35 min$48 min$1:06 hrs$49 min$58 min$1:42 hrs$1:39 hrs$26 min$37 min$28 min$47 min$1:03 hrs$1:26 hrs$1:54 hrs$1:59 hrs$1:32 hrs$1:30 hrs$1:18 hrs$1:26 hrs$1:42 hrs$1:14 hrs$1:14 hrs$1:12 hrs$1:35 hrs$2 hrs$2:19 hrs$2:23 hrs$1:18 hrs$1:26 hrs$1:26 hrs$1:41 hrs$1:43 hrs$1:37 hrs$ 
16312,KCVL SGNR EXP,$ $20 min$27 min$30 min$31 min$15 min$16 min$20 min$16 min$6 min$40 min$32 min$35 min$28 min$17 min$0$0$2 min$9 min$0$7 min$16 min$16 min$17 min$23 min$0$0$16 min$6 min$0$5 min$2 min$16 min$3 min$20 min$3 min$15 min$0$8 min$9 min$17 min$34 min$31 min$33 min$0$5 min$6 min$4 min$0,$15 min$19 min$27 min$30 min$31 min$16 min$16 min$20 min$18 min$38 min$40 min$32 min$36 min$28 min$17 min$1 min$1 min$2 min$14 min$0$13 min$24 min$33 min$21 min$23 min$6 min$0$16 min$6 min$3 min$5 min$1 min$17 min$5 min$21 min$2 min$24 min$0$8 min$8 min$27 min$34 min$30 min$33 min$23 min$2 min$6 min$5 min$ 
18235,BILASPUR EX PAS,$ $1:46 hrs$1:49 hrs$1:50 hrs$1:53 hrs$1:50 hrs$1:51 hrs$1:41 hrs$1:43 hrs$1:25 hrs$1:39 hrs$1:45 hrs$1:45 hrs$1:43 hrs$1:49 hrs$1:46 hrs$1:59 hrs$1:53 hrs$1:54 hrs$1:52 hrs$1:49 hrs$1:49 hrs$1:51 hrs$1:30 hrs$1:34 hrs$1:29 hrs$1:30 hrs$1:29 hrs$1:20 hrs$1:17 hrs$1:15 hrs$1:06 hrs$1:06 hrs$57 min$1:24 hrs$1:07 hrs$1:24 hrs$1:08 hrs$1:19 hrs$1:07 hrs$1:05 hrs$47 min$1:10 hrs$6 min$1:13 hrs$37 min$1:22 hrs$1:17 hrs$1:12 hrs$1:23 hrs$1:37 hrs$1:39 hrs$1:39 hrs$1:38 hrs$1:28 hrs$1:29 hrs$1:33 hrs$1:37 hrs$1:35 hrs$1:34 hrs$1:24 hrs$44 min$1:17 hrs$1:15 hrs$1:12 hrs$53 min$36 min,$1:33 hrs$1:48 hrs$1:49 hrs$1:50 hrs$1:53 hrs$1:53 hrs$1:50 hrs$1:42 hrs$2:03 hrs$1:38 hrs$1:42 hrs$1:45 hrs$1:09 hrs$1:48 hrs$2:18 hrs$1:48 hrs$1:57 hrs$1:54 hrs$1:54 hrs$1:52 hrs$1:51 hrs$1:57 hrs$1:52 hrs$1:32 hrs$1:13 hrs$1:30 hrs$55 min$1:29 hrs$1:22 hrs$1:17 hrs$1:16 hrs$1:10 hrs$1:11 hrs$1:36 hrs$1:24 hrs$1:22 hrs$1:24 hrs$1:07 hrs$1:19 hrs$1:22 hrs$1:05 hrs$48 min$1:06 hrs$1:03 hrs$1:32 hrs$36 min$1:22 hrs$1:17 hrs$1:41 hrs$1:35 hrs$1:36 hrs$1:38 hrs$1:39 hrs$1:38 hrs$1:25 hrs$1:33 hrs$1:37 hrs$1:36 hrs$1:35 hrs$1:34 hrs$1:26 hrs$43 min$1:20 hrs$1:16 hrs$1:14 hrs$1:17 hrs$ 
12852,BILASPUR EXPRESS,$ $1 min$13 min$11 min$0$22 min$2 min$10 min$12 min$10 min$13 min$15 min$0$2 min$0$5 min$0,$3 min$4 min$14 min$12 min$0$24 min$23 min$10 min$13 min$11 min$13 min$21 min$1 min$2 min$0$4 min$ 
12442,BILASPUR RJDHNI,$ $0$7 min$8 min$16 min$34 min$22 min$27 min$17 min,$0$3 min$7 min$11 min$24 min$34 min$26 min$31 min$ 
21126,BIX RTM EXP,$ $5 min$8 min$10 min$10 min$0$0$31 min$39 min$24 min$0$8 min$8 min$12 min$13 min$15 min$0$5 min$17 min$0$4 min$0$0,$0$6 min$9 min$10 min$10 min$0$10 min$40 min$40 min$25 min$12 min$13 min$11 min$14 min$20 min$16 min$0$4 min$17 min$3 min$4 min$3 min$ 
51030,BJP BB FAST PAS,,
15231,BJU GONDIA EXP,$ $1:18 hrs$23 min$28 min$31 min$22 min$1:20 hrs$1:10 hrs$54 min$59 min$1:58 hrs$3:51 hrs$3:52 hrs$3:19 hrs$3:40 hrs$3:45 hrs$3:55 hrs$4:02 hrs$3:17 hrs$3:07 hrs$3:10 hrs$3:13 hrs$3:05 hrs$3:05 hrs$2:51 hrs$3 hrs$3:08 hrs$2:32 hrs$3:07 hrs$3:08 hrs$3:17 hrs$2:21 hrs,$0$1:18 hrs$26 min$28 min$32 min$35 min$1:22 hrs$1:10 hrs$56 min$1:09 hrs$2:35 hrs$3:52 hrs$3:53 hrs$3:21 hrs$3:41 hrs$3:46 hrs$3:56 hrs$3:54 hrs$3:08 hrs$3:07 hrs$3:10 hrs$3:14 hrs$3:04 hrs$3:04 hrs$2:28 hrs$3 hrs$3:04 hrs$2:57 hrs$3:08 hrs$3:11 hrs$3:16 hrs$ 
11123,BJU GWL MAIL,$ $8 min$15 min$24 min$27 min$0$2 min$2 min$1 min$4 min$11 min$4 min$13 min$8 min$8 min$8 min$10 min$2 min$4 min$4 min$3 min$5 min$5 min$6 min$9 min$3 min$5 min$3 min$57 min$1:11 hrs$58 min$30 min$30 min$58 min$57 min$1:49 hrs$2:02 hrs$2:09 hrs$2:09 hrs$2:05 hrs$2:14 hrs$2:20 hrs$2:22 hrs$2:34 hrs$2:10 hrs$2:38 hrs$1:27 hrs$2:44 hrs,$0$8 min$17 min$23 min$27 min$5 min$2 min$2 min$1 min$6 min$11 min$3 min$13 min$2 min$18 min$9 min$10 min$5 min$6 min$4 min$3 min$4 min$5 min$6 min$9 min$4 min$6 min$28 min$1:07 hrs$1:11 hrs$58 min$35 min$32 min$59 min$59 min$1:59 hrs$2:10 hrs$2:09 hrs$2:09 hrs$2:11 hrs$2:14 hrs$2:20 hrs$2:22 hrs$2:36 hrs$2:29 hrs$2:38 hrs$1:27 hrs$ 
15203,BJU LJN EXP,$ $5 min$8 min$3 min$8 min$9 min$16 min$20 min$14 min$26 min$11 min$29 min$29 min$33 min$25 min$28 min$29 min$29 min$27 min$24 min$23 min$23 min$24 min$27 min$33 min$36 min$29 min$25 min$35 min$47 min$46 min$42 min$48 min$50 min$38 min$56 min$51 min,$0$4 min$7 min$4 min$7 min$10 min$18 min$17 min$14 min$26 min$10 min$30 min$29 min$33 min$28 min$31 min$29 min$29 min$27 min$24 min$23 min$23 min$26 min$32 min$35 min$39 min$39 min$28 min$45 min$47 min$47 min$56 min$54 min$51 min$48 min$1:03 hrs$ 
22473,BKN BDTS SF EXP,$ $1 min$0$1 min$6 min$7 min$5 min$0$4 min$0$0$0$0$9 min$0$0$0$0$11 min$0$3 min$6 min$2 min$0,$2 min$2 min$0$2 min$13 min$7 min$2 min$3 min$3 min$3 min$2 min$0$0$9 min$8 min$0$0$0$11 min$1 min$2 min$6 min$1 min$ 
22475,HSR CBE AC S F,$ $1 min$18 min$1 min$4 min$2 min$0$8 min$3 min$8 min$19 min$26 min$19 min$14 min$32 min$13 min$29 min$43 min$34 min$37 min$32 min$25 min$27 min$3 min$16 min$47 min$42 min$1:09 hrs$58 min$1:05 hrs$1:11 hrs$1:02 hrs$47 min$53 min$0,$0$2 min$12 min$0$4 min$2 min$2 min$8 min$1 min$11 min$23 min$25 min$17 min$15 min$32 min$15 min$35 min$46 min$34 min$43 min$33 min$21 min$27 min$2 min$22 min$48 min$42 min$1:09 hrs$59 min$1:18 hrs$1:11 hrs$1:04 hrs$58 min$51 min$ 
12489,BKN DDR SF EXP,,
12458,BKN DEE S F EXP,$ $7 min$9 min$11 min$13 min$6 min$6 min$6 min$0$13 min$0$12 min$7 min$8 min,$4 min$7 min$8 min$11 min$13 min$6 min$7 min$6 min$8 min$15 min$6 min$12 min$10 min$ 
12456,BKN DEE SF EXP,$ $7 min$14 min$0$6 min$7 min$9 min$8 min$0$9 min$8 min$13 min$11 min$17 min$22 min$22 min$23 min$10 min$7 min$6 min$18 min,$3 min$7 min$14 min$2 min$7 min$9 min$9 min$8 min$1 min$14 min$8 min$13 min$9 min$17 min$23 min$28 min$23 min$15 min$13 min$14 min$ 
25631,BKN GHY EXPRESS,$ $1 min$2 min$0,$1 min$2 min$1 min$ 
22308,BKN HWH SUPFAST,$ $6 min$8 min$4 min$4 min,$1 min$6 min$12 min$4 min$ 
22472,BKN INTERCITY,$ $5 min$8 min$0$2 min$1 min$3 min$7 min$11 min$13 min$12 min$18 min$16 min$0,$0$5 min$8 min$1 min$3 min$3 min$5 min$8 min$11 min$13 min$13 min$17 min$16 min$ 
22480,INTERCITY EXP,$ $8 min$14 min$7 min$0$2 min$7 min$1 min$4 min$7 min$8 min$12 min$16 min$7 min$5 min,$0$8 min$15 min$8 min$0$6 min$8 min$5 min$4 min$7 min$8 min$13 min$15 min$8 min$ 
16311,SGNR KCVL EXP,$ $5 min$3 min$0$0$17 min$3 min$0$0$0$0$0$0$0$26 min$0,$1 min$5 min$3 min$0$2 min$17 min$4 min$3 min$3 min$0$0$2 min$0$0$26 min$ 
12495,BKN KOAA SUP EX,$ $9 min$10 min$0$9 min$0$2 min$38 min$1:10 hrs$1:08 hrs$1:06 hrs$2:34 hrs$5:38 hrs$6:21 hrs$6:45 hrs$6:08 hrs$5:32 hrs$5:48 hrs$6:01 hrs$6 hrs$6:57 hrs,$0$9 min$10 min$0$9 min$1 min$2 min$38 min$1:10 hrs$1:06 hrs$1:03 hrs$3:34 hrs$6:13 hrs$6:22 hrs$6:45 hrs$6:08 hrs$5:32 hrs$5:48 hrs$6:01 hrs$6:02 hrs$ 
17624,SGNR NED EXP,,
14709,BKN PURI EXP,$ $26 min$27 min$18 min$19 min$0$12 min$12 min$0$0$16 min$0$55 min$1:25 hrs$33 min$42 min$0$0$0$0$0$8 min$5 min$32 min$15 min$12 min$28 min$10 min$0$10 min,$0$26 min$25 min$18 min$18 min$13 min$11 min$12 min$1 min$21 min$19 min$4 min$1 hrs$1:23 hrs$33 min$47 min$6 min$0$0$1 min$0$20 min$8 min$30 min$13 min$12 min$28 min$6 min$0$ 
17038,HSR SC EXPRESS,$ $7 min$1 min$6 min$9 min$0$7 min$8 min$0$1 min$2 min$0$0$0$0$26 min$0$0$0$0$14 min$4 min$0$4 min$14 min$13 min$16 min$10 min$32 min$5 min$0$21 min$0$0,$1 min$8 min$11 min$12 min$11 min$2 min$8 min$8 min$6 min$1 min$3 min$1 min$0$2 min$3 min$26 min$7 min$1 min$1 min$15 min$14 min$9 min$2 min$14 min$14 min$14 min$30 min$13 min$36 min$5 min$11 min$21 min$5 min$ 
16588,BKN YPR EXPRESS,$ $12 min$13 min$13 min$0$0$0$0$11 min$13 min$10 min$0$24 min$6 min$3 min$1 min$0$0$0$10 min$11 min$12 min$12 min$28 min$33 min$8 min$10 min$16 min$0$0$11 min$22 min$25 min$19 min$0,$2 min$12 min$12 min$15 min$2 min$1 min$0$1 min$11 min$12 min$17 min$1 min$28 min$3 min$3 min$0$1 min$0$0$10 min$11 min$7 min$13 min$27 min$39 min$20 min$17 min$15 min$20 min$0$12 min$38 min$25 min$18 min$ 
58014,BKSC HWH  PAS,$ $9 min$16 min$5 min$7 min$9 min$14 min$17 min$20 min$24 min$22 min$4 min,$6 min$11 min$15 min$8 min$7 min$11 min$15 min$22 min$21 min$27 min$22 min$ 
